Workbook

Sheet Portfolios
B1: NP/DD and Total Trades are based on 2023.1.1-2025.5.30, this is to give a glance of strategy overall performance as well as trading frequency.
B2: Monthly Returns are based 3% Capital and 7 Leverage, to give a reference of recent performance and also a sizing choice
A3: KEY | B3: STATUS | C3: RATIO | D3: ID | E3: COIN PAIR | F3: STRATEGY | G3: TIMEFRAME | H3: Initial Mark | I3: Calculated Size | J3: Actual Size | K3: Avg PnL per trade | L3: NP/DD | M3: Total Trades | N3: INCUBATION | P3: SEP | Q3: AUG | R3: JULY | S3: JUNE | T3: MAY | U3: APR | V3: MAR | W3: FEB | X3: JAN | Y3: LINK
B4: BB/DexAlgo | C4: 5000 | D4: 7x | E4: 14000
A5: =D5&"|"&E5&"|"&F5&"|"&G5 -> [17ab2738]|ARB|stiff Surge|45m | B5: active | C5: =H5/$C$4 -> 1 | D5: [17ab2738] | E5: ARB | F5: stiff Surge | G5: 45m | H5: 5000 | I5: =H5*0.21 -> 1050 | J5: 1200 | K5: 27 | L5: {=IFERROR(INDEX('Strategy Watchlist'!L:L,MATCH($A5,'Strategy Watchlist'!$A:$A,0)),"Not Found")} -> 10.965644 | M5: {=IFERROR(INDEX('Strategy Watchlist'!M:M,MATCH($A5,'Strategy Watchlist'!$A:$A,0)),"Not Found")} -> 824 | N5: {=IFERROR(INDEX('Strategy Watchlist'!N:N,MATCH($A5,'Strategy Watchlist'!$A:$A,0)),"Not Found")} -> 45689 | O5: {=IFERROR(INDEX('Strategy Watchlist'!P:P,MATCH($A5,'Strategy Watchlist'!$A:$A,0)),"Not Found")} -> -1.7 | P5: {=IFERROR(INDEX('Strategy Watchlist'!Q:Q,MATCH($A5,'Strategy Watchlist'!$A:$A,0)),"Not Found")} -> -6.85 | Q5: {=IFERROR(INDEX('Strategy Watchlist'!R:R,MATCH($A5,'Strategy Watchlist'!$A:$A,0)),"Not Found")} -> 1.99 | R5: {=IFERROR(INDEX('Strategy Watchlist'!S:S,MATCH($A5,'Strategy Watchlist'!$A:$A,0)),"Not Found")} -> 6.96 | S5: {=IFERROR(INDEX('Strategy Watchlist'!T:T,MATCH($A5,'Strategy Watchlist'!$A:$A,0)),"Not Found")} -> 8.074 | T5: {=IFERROR(INDEX('Strategy Watchlist'!U:U,MATCH($A5,'Strategy Watchlist'!$A:$A,0)),"Not Found")} -> 11.5 | U5: {=IFERROR(INDEX('Strategy Watchlist'!V:V,MATCH($A5,'Strategy Watchlist'!$A:$A,0)),"Not Found")} -> 2.75 | V5: {=IFERROR(INDEX('Strategy Watchlist'!W:W,MATCH($A5,'Strategy Watchlist'!$A:$A,0)),"Not Found")} -> 2.57 | W5: {=IFERROR(INDEX('Strategy Watchlist'!X:X,MATCH($A5,'Strategy Watchlist'!$A:$A,0)),"Not Found")} -> 6.31 | X5: {=IFERROR(INDEX('Strategy Watchlist'!Y:Y,MATCH($A5,'Strategy Watchlist'!$A:$A,0)),"Not Found")} -> 7.91 | Y5: {=IFERROR(INDEX('Strategy Watchlist'!Z:Z,MATCH($A5,'Strategy Watchlist'!$A:$A,0)),"Not Found")} -> https://www.tradingview.com/chart/EjQUtmuc/
A6: =D6&"|"&E6&"|"&F6&"|"&G6 -> |DOGE|MACD|45m | B6: active | C6: =H6/$C$4 -> 0.4 | E6: DOGE | F6: MACD | G6: 45m | H6: 2000 | I6: =H6*0.21 -> 420 | J6: 800 | K6: 30 | L6: {=IFERROR(INDEX('Strategy Watchlist'!L:L,MATCH($A6,'Strategy Watchlist'!$A:$A,0)),"Not Found")} -> 6.8331771 | M6: {=IFERROR(INDEX('Strategy Watchlist'!M:M,MATCH($A6,'Strategy Watchlist'!$A:$A,0)),"Not Found")} -> 147 | N6: {=IFERROR(INDEX('Strategy Watchlist'!N:N,MATCH($A6,'Strategy Watchlist'!$A:$A,0)),"Not Found")} -> 45662 | O6: {=IFERROR(INDEX('Strategy Watchlist'!P:P,MATCH($A6,'Strategy Watchlist'!$A:$A,0)),"Not Found")} -> -3.88 | P6: {=IFERROR(INDEX('Strategy Watchlist'!Q:Q,MATCH($A6,'Strategy Watchlist'!$A:$A,0)),"Not Found")} -> 5.91 | Q6: {=IFERROR(INDEX('Strategy Watchlist'!R:R,MATCH($A6,'Strategy Watchlist'!$A:$A,0)),"Not Found")} -> -0.08 | R6: {=IFERROR(INDEX('Strategy Watchlist'!S:S,MATCH($A6,'Strategy Watchlist'!$A:$A,0)),"Not Found")} -> 4.72 | S6: {=IFERROR(INDEX('Strategy Watchlist'!T:T,MATCH($A6,'Strategy Watchlist'!$A:$A,0)),"Not Found")} -> 8.93 | T6: {=IFERROR(INDEX('Strategy Watchlist'!U:U,MATCH($A6,'Strategy Watchlist'!$A:$A,0)),"Not Found")} -> 2.69 | U6: {=IFERROR(INDEX('Strategy Watchlist'!V:V,MATCH($A6,'Strategy Watchlist'!$A:$A,0)),"Not Found")} -> 2.04 | V6: {=IFERROR(INDEX('Strategy Watchlist'!W:W,MATCH($A6,'Strategy Watchlist'!$A:$A,0)),"Not Found")} -> 5.31 | W6: {=IFERROR(INDEX('Strategy Watchlist'!X:X,MATCH($A6,'Strategy Watchlist'!$A:$A,0)),"Not Found")} -> 0.72 | X6: {=IFERROR(INDEX('Strategy Watchlist'!Y:Y,MATCH($A6,'Strategy Watchlist'!$A:$A,0)),"Not Found")} -> 3.27 | Y6: {=IFERROR(INDEX('Strategy Watchlist'!Z:Z,MATCH($A6,'Strategy Watchlist'!$A:$A,0)),"Not Found")} -> https://www.tradingview.com/chart/Dvd9vGt5/
A7: =D7&"|"&E7&"|"&F7&"|"&G7 -> [e92283ec]|HBAR|Heiken-Ashi|30m | B7: active | C7: =H7/$C$4 -> 0.6 | D7: [e92283ec] | E7: HBAR | F7: Heiken-Ashi | G7: 30m | H7: 3000 | I7: =H7*0.21 -> 630 | J7: 630 | K7: 30 | L7: {=IFERROR(INDEX('Strategy Watchlist'!L:L,MATCH($A7,'Strategy Watchlist'!$A:$A,0)),"Not Found")} -> 6.7744 | M7: {=IFERROR(INDEX('Strategy Watchlist'!M:M,MATCH($A7,'Strategy Watchlist'!$A:$A,0)),"Not Found")} -> 224 | N7: {=IFERROR(INDEX('Strategy Watchlist'!N:N,MATCH($A7,'Strategy Watchlist'!$A:$A,0)),"Not Found")} -> 45833 | O7: {=IFERROR(INDEX('Strategy Watchlist'!P:P,MATCH($A7,'Strategy Watchlist'!$A:$A,0)),"Not Found")} -> 1.01 | P7: {=IFERROR(INDEX('Strategy Watchlist'!Q:Q,MATCH($A7,'Strategy Watchlist'!$A:$A,0)),"Not Found")} -> -1.15 | Q7: {=IFERROR(INDEX('Strategy Watchlist'!R:R,MATCH($A7,'Strategy Watchlist'!$A:$A,0)),"Not Found")} -> 0.83 | R7: {=IFERROR(INDEX('Strategy Watchlist'!S:S,MATCH($A7,'Strategy Watchlist'!$A:$A,0)),"Not Found")} -> 1.52 | S7: {=IFERROR(INDEX('Strategy Watchlist'!T:T,MATCH($A7,'Strategy Watchlist'!$A:$A,0)),"Not Found")} -> -0.03 | T7: {=IFERROR(INDEX('Strategy Watchlist'!U:U,MATCH($A7,'Strategy Watchlist'!$A:$A,0)),"Not Found")} -> 4.38 | U7: {=IFERROR(INDEX('Strategy Watchlist'!V:V,MATCH($A7,'Strategy Watchlist'!$A:$A,0)),"Not Found")} -> 1.95 | V7: {=IFERROR(INDEX('Strategy Watchlist'!W:W,MATCH($A7,'Strategy Watchlist'!$A:$A,0)),"Not Found")} -> 1.98 | W7: {=IFERROR(INDEX('Strategy Watchlist'!X:X,MATCH($A7,'Strategy Watchlist'!$A:$A,0)),"Not Found")} -> 4.59 | X7: {=IFERROR(INDEX('Strategy Watchlist'!Y:Y,MATCH($A7,'Strategy Watchlist'!$A:$A,0)),"Not Found")} -> -1.3 | Y7: {=IFERROR(INDEX('Strategy Watchlist'!Z:Z,MATCH($A7,'Strategy Watchlist'!$A:$A,0)),"Not Found")} -> https://www.tradingview.com/chart/ygHXwF84/
A8: =D8&"|"&E8&"|"&F8&"|"&G8 -> [f80d2657]|PePe|JP Trend|30m | B8: active | C8: =H8/$C$4 -> 0.8 | D8: [f80d2657] | E8: PePe | F8: JP Trend | G8: 30m | H8: 4000 | I8: =H8*0.21 -> 840 | J8: 840 | K8: 30 | L8: {=IFERROR(INDEX('Strategy Watchlist'!L:L,MATCH($A8,'Strategy Watchlist'!$A:$A,0)),"Not Found")} -> 11.341646 | M8: {=IFERROR(INDEX('Strategy Watchlist'!M:M,MATCH($A8,'Strategy Watchlist'!$A:$A,0)),"Not Found")} -> 302 | N8: {=IFERROR(INDEX('Strategy Watchlist'!N:N,MATCH($A8,'Strategy Watchlist'!$A:$A,0)),"Not Found")} -> 45662 | O8: {=IFERROR(INDEX('Strategy Watchlist'!P:P,MATCH($A8,'Strategy Watchlist'!$A:$A,0)),"Not Found")} -> 3.05 | P8: {=IFERROR(INDEX('Strategy Watchlist'!Q:Q,MATCH($A8,'Strategy Watchlist'!$A:$A,0)),"Not Found")} -> 1.52 | Q8: {=IFERROR(INDEX('Strategy Watchlist'!R:R,MATCH($A8,'Strategy Watchlist'!$A:$A,0)),"Not Found")} -> -3.15 | R8: {=IFERROR(INDEX('Strategy Watchlist'!S:S,MATCH($A8,'Strategy Watchlist'!$A:$A,0)),"Not Found")} -> 2.3 | S8: {=IFERROR(INDEX('Strategy Watchlist'!T:T,MATCH($A8,'Strategy Watchlist'!$A:$A,0)),"Not Found")} -> -0.12 | T8: {=IFERROR(INDEX('Strategy Watchlist'!U:U,MATCH($A8,'Strategy Watchlist'!$A:$A,0)),"Not Found")} -> 5.69 | U8: {=IFERROR(INDEX('Strategy Watchlist'!V:V,MATCH($A8,'Strategy Watchlist'!$A:$A,0)),"Not Found")} -> -1.33 | V8: {=IFERROR(INDEX('Strategy Watchlist'!W:W,MATCH($A8,'Strategy Watchlist'!$A:$A,0)),"Not Found")} -> 2.12 | W8: {=IFERROR(INDEX('Strategy Watchlist'!X:X,MATCH($A8,'Strategy Watchlist'!$A:$A,0)),"Not Found")} -> 3.07 | X8: {=IFERROR(INDEX('Strategy Watchlist'!Y:Y,MATCH($A8,'Strategy Watchlist'!$A:$A,0)),"Not Found")} -> 3.75 | Y8: {=IFERROR(INDEX('Strategy Watchlist'!Z:Z,MATCH($A8,'Strategy Watchlist'!$A:$A,0)),"Not Found")} -> https://www.tradingview.com/chart/uNPZ2spK/
A9: =D9&"|"&E9&"|"&F9&"|"&G9 -> [0c4624b7]|SOL|volVangard|30m | B9: active | C9: =H9/$C$4 -> 0.8 | D9: [0c4624b7] | E9: SOL | F9: volVangard | G9: 30m | H9: 4000 | I9: =H9*0.21 -> 840 | J9: =I9 -> 840 | K9: 47 | L9: {=IFERROR(INDEX('Strategy Watchlist'!L:L,MATCH($A9,'Strategy Watchlist'!$A:$A,0)),"Not Found")} -> 9.5332198 | M9: {=IFERROR(INDEX('Strategy Watchlist'!M:M,MATCH($A9,'Strategy Watchlist'!$A:$A,0)),"Not Found")} -> 118 | N9: {=IFERROR(INDEX('Strategy Watchlist'!N:N,MATCH($A9,'Strategy Watchlist'!$A:$A,0)),"Not Found")} -> 45772 | O9: {=IFERROR(INDEX('Strategy Watchlist'!P:P,MATCH($A9,'Strategy Watchlist'!$A:$A,0)),"Not Found")} -> -0.99 | P9: {=IFERROR(INDEX('Strategy Watchlist'!Q:Q,MATCH($A9,'Strategy Watchlist'!$A:$A,0)),"Not Found")} -> 4.09 | Q9: {=IFERROR(INDEX('Strategy Watchlist'!R:R,MATCH($A9,'Strategy Watchlist'!$A:$A,0)),"Not Found")} -> 0.37 | R9: {=IFERROR(INDEX('Strategy Watchlist'!S:S,MATCH($A9,'Strategy Watchlist'!$A:$A,0)),"Not Found")} -> -3.58 | S9: {=IFERROR(INDEX('Strategy Watchlist'!T:T,MATCH($A9,'Strategy Watchlist'!$A:$A,0)),"Not Found")} -> 6.51 | T9: {=IFERROR(INDEX('Strategy Watchlist'!U:U,MATCH($A9,'Strategy Watchlist'!$A:$A,0)),"Not Found")} -> -0.43 | U9: {=IFERROR(INDEX('Strategy Watchlist'!V:V,MATCH($A9,'Strategy Watchlist'!$A:$A,0)),"Not Found")} -> 5.78 | V9: {=IFERROR(INDEX('Strategy Watchlist'!W:W,MATCH($A9,'Strategy Watchlist'!$A:$A,0)),"Not Found")} -> -0.64 | W9: {=IFERROR(INDEX('Strategy Watchlist'!X:X,MATCH($A9,'Strategy Watchlist'!$A:$A,0)),"Not Found")} -> 1.32 | X9: {=IFERROR(INDEX('Strategy Watchlist'!Y:Y,MATCH($A9,'Strategy Watchlist'!$A:$A,0)),"Not Found")} -> 0.33 | Y9: {=IFERROR(INDEX('Strategy Watchlist'!Z:Z,MATCH($A9,'Strategy Watchlist'!$A:$A,0)),"Not Found")} -> https://www.tradingview.com/chart/tJDJVri5/
A10: =D10&"|"&E10&"|"&F10&"|"&G10 -> [a9aeb4cc]|ETH|McGinley|90m | B10: active | C10: =H10/$C$4 -> 0.8 | D10: [a9aeb4cc] | E10: ETH | F10: McGinley | G10: 90m | H10: 4000 | I10: =H10*0.21 -> 840 | J10: =I10 -> 840 | K10: 24 | L10: {=IFERROR(INDEX('Strategy Watchlist'!L:L,MATCH($A10,'Strategy Watchlist'!$A:$A,0)),"Not Found")} -> 7.4173228 | M10: {=IFERROR(INDEX('Strategy Watchlist'!M:M,MATCH($A10,'Strategy Watchlist'!$A:$A,0)),"Not Found")} -> 72 | N10: {=IFERROR(INDEX('Strategy Watchlist'!N:N,MATCH($A10,'Strategy Watchlist'!$A:$A,0)),"Not Found")} -> 45772 | O10: {=IFERROR(INDEX('Strategy Watchlist'!P:P,MATCH($A10,'Strategy Watchlist'!$A:$A,0)),"Not Found")} -> -0.43 | P10: {=IFERROR(INDEX('Strategy Watchlist'!Q:Q,MATCH($A10,'Strategy Watchlist'!$A:$A,0)),"Not Found")} -> -0.39 | Q10: {=IFERROR(INDEX('Strategy Watchlist'!R:R,MATCH($A10,'Strategy Watchlist'!$A:$A,0)),"Not Found")} -> 2.45 | R10: {=IFERROR(INDEX('Strategy Watchlist'!S:S,MATCH($A10,'Strategy Watchlist'!$A:$A,0)),"Not Found")} -> -0.24 | S10: {=IFERROR(INDEX('Strategy Watchlist'!T:T,MATCH($A10,'Strategy Watchlist'!$A:$A,0)),"Not Found")} -> 0.53 | T10: {=IFERROR(INDEX('Strategy Watchlist'!U:U,MATCH($A10,'Strategy Watchlist'!$A:$A,0)),"Not Found")} -> 2.38 | U10: {=IFERROR(INDEX('Strategy Watchlist'!V:V,MATCH($A10,'Strategy Watchlist'!$A:$A,0)),"Not Found")} -> 0.94 | V10: {=IFERROR(INDEX('Strategy Watchlist'!W:W,MATCH($A10,'Strategy Watchlist'!$A:$A,0)),"Not Found")} -> 0 | W10: {=IFERROR(INDEX('Strategy Watchlist'!X:X,MATCH($A10,'Strategy Watchlist'!$A:$A,0)),"Not Found")} -> 2.77 | X10: {=IFERROR(INDEX('Strategy Watchlist'!Y:Y,MATCH($A10,'Strategy Watchlist'!$A:$A,0)),"Not Found")} -> -0.13 | Y10: {=IFERROR(INDEX('Strategy Watchlist'!Z:Z,MATCH($A10,'Strategy Watchlist'!$A:$A,0)),"Not Found")} -> https://www.tradingview.com/chart/dPRT8fSK/
A11: =D11&"|"&E11&"|"&F11&"|"&G11 -> [65caeaa0]|ROSE|WolfnBear|1H | B11: active | C11: =H11/$C$4 -> 0.8 | D11: [65caeaa0] | E11: ROSE | F11: WolfnBear | G11: 1H | H11: 4000 | I11: =H11*0.21 -> 840 | J11: =I11 -> 840 | K11: 22 | L11: {=IFERROR(INDEX('Strategy Watchlist'!L:L,MATCH($A11,'Strategy Watchlist'!$A:$A,0)),"Not Found")} -> 9.1257485 | M11: {=IFERROR(INDEX('Strategy Watchlist'!M:M,MATCH($A11,'Strategy Watchlist'!$A:$A,0)),"Not Found")} -> 172 | N11: {=IFERROR(INDEX('Strategy Watchlist'!N:N,MATCH($A11,'Strategy Watchlist'!$A:$A,0)),"Not Found")} -> 45682 | O11: {=IFERROR(INDEX('Strategy Watchlist'!P:P,MATCH($A11,'Strategy Watchlist'!$A:$A,0)),"Not Found")} -> 1.04 | P11: {=IFERROR(INDEX('Strategy Watchlist'!Q:Q,MATCH($A11,'Strategy Watchlist'!$A:$A,0)),"Not Found")} -> 2.39 | Q11: {=IFERROR(INDEX('Strategy Watchlist'!R:R,MATCH($A11,'Strategy Watchlist'!$A:$A,0)),"Not Found")} -> 0.38 | R11: {=IFERROR(INDEX('Strategy Watchlist'!S:S,MATCH($A11,'Strategy Watchlist'!$A:$A,0)),"Not Found")} -> 1.76 | S11: {=IFERROR(INDEX('Strategy Watchlist'!T:T,MATCH($A11,'Strategy Watchlist'!$A:$A,0)),"Not Found")} -> 0.72 | T11: {=IFERROR(INDEX('Strategy Watchlist'!U:U,MATCH($A11,'Strategy Watchlist'!$A:$A,0)),"Not Found")} -> -0.84 | U11: {=IFERROR(INDEX('Strategy Watchlist'!V:V,MATCH($A11,'Strategy Watchlist'!$A:$A,0)),"Not Found")} -> -0.24 | V11: {=IFERROR(INDEX('Strategy Watchlist'!W:W,MATCH($A11,'Strategy Watchlist'!$A:$A,0)),"Not Found")} -> -1.19 | W11: {=IFERROR(INDEX('Strategy Watchlist'!X:X,MATCH($A11,'Strategy Watchlist'!$A:$A,0)),"Not Found")} -> 0.18 | X11: {=IFERROR(INDEX('Strategy Watchlist'!Y:Y,MATCH($A11,'Strategy Watchlist'!$A:$A,0)),"Not Found")} -> 2.34 | Y11: {=IFERROR(INDEX('Strategy Watchlist'!Z:Z,MATCH($A11,'Strategy Watchlist'!$A:$A,0)),"Not Found")} -> https://www.tradingview.com/chart/p2Bvj1LX/
A12: =D12&"|"&E12&"|"&F12&"|"&G12 -> |APE|precisionTrend|30m | B12: active | C12: =H12/$C$4 -> 0.6 | E12: APE | F12: precisionTrend | G12: 30m | H12: 3000 | I12: =H12*0.21 -> 630 | J12: =I12 -> 630 | K12: 23 | L12: {=IFERROR(INDEX('Strategy Watchlist'!L:L,MATCH($A12,'Strategy Watchlist'!$A:$A,0)),"Not Found")} -> 4.1660424 | M12: {=IFERROR(INDEX('Strategy Watchlist'!M:M,MATCH($A12,'Strategy Watchlist'!$A:$A,0)),"Not Found")} -> 278 | N12: {=IFERROR(INDEX('Strategy Watchlist'!N:N,MATCH($A12,'Strategy Watchlist'!$A:$A,0)),"Not Found")} -> 45778 | O12: {=IFERROR(INDEX('Strategy Watchlist'!P:P,MATCH($A12,'Strategy Watchlist'!$A:$A,0)),"Not Found")} -> -0.99 | P12: {=IFERROR(INDEX('Strategy Watchlist'!Q:Q,MATCH($A12,'Strategy Watchlist'!$A:$A,0)),"Not Found")} -> 3 | Q12: {=IFERROR(INDEX('Strategy Watchlist'!R:R,MATCH($A12,'Strategy Watchlist'!$A:$A,0)),"Not Found")} -> 1.66 | R12: {=IFERROR(INDEX('Strategy Watchlist'!S:S,MATCH($A12,'Strategy Watchlist'!$A:$A,0)),"Not Found")} -> -2.79 | S12: {=IFERROR(INDEX('Strategy Watchlist'!T:T,MATCH($A12,'Strategy Watchlist'!$A:$A,0)),"Not Found")} -> 0.63 | T12: {=IFERROR(INDEX('Strategy Watchlist'!U:U,MATCH($A12,'Strategy Watchlist'!$A:$A,0)),"Not Found")} -> 6.17 | U12: {=IFERROR(INDEX('Strategy Watchlist'!V:V,MATCH($A12,'Strategy Watchlist'!$A:$A,0)),"Not Found")} -> 3.56 | V12: {=IFERROR(INDEX('Strategy Watchlist'!W:W,MATCH($A12,'Strategy Watchlist'!$A:$A,0)),"Not Found")} -> 0.87 | W12: {=IFERROR(INDEX('Strategy Watchlist'!X:X,MATCH($A12,'Strategy Watchlist'!$A:$A,0)),"Not Found")} -> 1.73 | X12: {=IFERROR(INDEX('Strategy Watchlist'!Y:Y,MATCH($A12,'Strategy Watchlist'!$A:$A,0)),"Not Found")} -> 3.54 | Y12: {=IFERROR(INDEX('Strategy Watchlist'!Z:Z,MATCH($A12,'Strategy Watchlist'!$A:$A,0)),"Not Found")} -> https://www.tradingview.com/chart/oDhEAePi/
A13: =D13&"|"&E13&"|"&F13&"|"&G13 -> [fa32aee4]|LINK|McGinley|45m | B13: active | C13: =H13/$C$4 -> 0.4 | D13: [fa32aee4] | E13: LINK | F13: McGinley | G13: 45m | H13: 2000 | I13: =H13*0.21 -> 420 | J13: 520 | K13: 30 | L13: {=IFERROR(INDEX('Strategy Watchlist'!L:L,MATCH($A13,'Strategy Watchlist'!$A:$A,0)),"Not Found")} -> 16.683761 | M13: {=IFERROR(INDEX('Strategy Watchlist'!M:M,MATCH($A13,'Strategy Watchlist'!$A:$A,0)),"Not Found")} -> 176 | N13: {=IFERROR(INDEX('Strategy Watchlist'!N:N,MATCH($A13,'Strategy Watchlist'!$A:$A,0)),"Not Found")} -> 45833 | O13: {=IFERROR(INDEX('Strategy Watchlist'!P:P,MATCH($A13,'Strategy Watchlist'!$A:$A,0)),"Not Found")} -> -2.02 | P13: {=IFERROR(INDEX('Strategy Watchlist'!Q:Q,MATCH($A13,'Strategy Watchlist'!$A:$A,0)),"Not Found")} -> 0.36 | Q13: {=IFERROR(INDEX('Strategy Watchlist'!R:R,MATCH($A13,'Strategy Watchlist'!$A:$A,0)),"Not Found")} -> 7 | R13: {=IFERROR(INDEX('Strategy Watchlist'!S:S,MATCH($A13,'Strategy Watchlist'!$A:$A,0)),"Not Found")} -> 3.76 | S13: {=IFERROR(INDEX('Strategy Watchlist'!T:T,MATCH($A13,'Strategy Watchlist'!$A:$A,0)),"Not Found")} -> 2.22 | T13: {=IFERROR(INDEX('Strategy Watchlist'!U:U,MATCH($A13,'Strategy Watchlist'!$A:$A,0)),"Not Found")} -> 6.68 | U13: {=IFERROR(INDEX('Strategy Watchlist'!V:V,MATCH($A13,'Strategy Watchlist'!$A:$A,0)),"Not Found")} -> -0.14 | V13: {=IFERROR(INDEX('Strategy Watchlist'!W:W,MATCH($A13,'Strategy Watchlist'!$A:$A,0)),"Not Found")} -> 5.22 | W13: {=IFERROR(INDEX('Strategy Watchlist'!X:X,MATCH($A13,'Strategy Watchlist'!$A:$A,0)),"Not Found")} -> 0 | X13: {=IFERROR(INDEX('Strategy Watchlist'!Y:Y,MATCH($A13,'Strategy Watchlist'!$A:$A,0)),"Not Found")} -> 0.13 | Y13: {=IFERROR(INDEX('Strategy Watchlist'!Z:Z,MATCH($A13,'Strategy Watchlist'!$A:$A,0)),"Not Found")} -> https://www.tradingview.com/chart/CTC73Olh/
A14: =D14&"|"&E14&"|"&F14&"|"&G14 -> [3111f1fd]|NEAR|Stiff Surge|1H | B14: active | C14: =H14/$C$4 -> 0.4 | D14: [3111f1fd] | E14: NEAR | F14: Stiff Surge | G14: 1H | H14: 2000 | I14: 420 | J14: =I14 -> 420 | K14: 22 | L14: {=IFERROR(INDEX('Strategy Watchlist'!L:L,MATCH($A14,'Strategy Watchlist'!$A:$A,0)),"Not Found")} -> 3.1660517 | M14: {=IFERROR(INDEX('Strategy Watchlist'!M:M,MATCH($A14,'Strategy Watchlist'!$A:$A,0)),"Not Found")} -> 237 | N14: {=IFERROR(INDEX('Strategy Watchlist'!N:N,MATCH($A14,'Strategy Watchlist'!$A:$A,0)),"Not Found")} -> 45717 | O14: {=IFERROR(INDEX('Strategy Watchlist'!P:P,MATCH($A14,'Strategy Watchlist'!$A:$A,0)),"Not Found")} -> -1.39 | P14: {=IFERROR(INDEX('Strategy Watchlist'!Q:Q,MATCH($A14,'Strategy Watchlist'!$A:$A,0)),"Not Found")} -> 0.56 | Q14: {=IFERROR(INDEX('Strategy Watchlist'!R:R,MATCH($A14,'Strategy Watchlist'!$A:$A,0)),"Not Found")} -> -0.43 | R14: {=IFERROR(INDEX('Strategy Watchlist'!S:S,MATCH($A14,'Strategy Watchlist'!$A:$A,0)),"Not Found")} -> -0.45 | S14: {=IFERROR(INDEX('Strategy Watchlist'!T:T,MATCH($A14,'Strategy Watchlist'!$A:$A,0)),"Not Found")} -> 4.99 | T14: {=IFERROR(INDEX('Strategy Watchlist'!U:U,MATCH($A14,'Strategy Watchlist'!$A:$A,0)),"Not Found")} -> 4.37 | U14: {=IFERROR(INDEX('Strategy Watchlist'!V:V,MATCH($A14,'Strategy Watchlist'!$A:$A,0)),"Not Found")} -> -1.47 | V14: {=IFERROR(INDEX('Strategy Watchlist'!W:W,MATCH($A14,'Strategy Watchlist'!$A:$A,0)),"Not Found")} -> 1.85 | W14: {=IFERROR(INDEX('Strategy Watchlist'!X:X,MATCH($A14,'Strategy Watchlist'!$A:$A,0)),"Not Found")} -> -0.11 | X14: {=IFERROR(INDEX('Strategy Watchlist'!Y:Y,MATCH($A14,'Strategy Watchlist'!$A:$A,0)),"Not Found")} -> 1.53 | Y14: {=IFERROR(INDEX('Strategy Watchlist'!Z:Z,MATCH($A14,'Strategy Watchlist'!$A:$A,0)),"Not Found")} -> https://www.tradingview.com/chart/Q9MeKvVC/
A15: =D15&"|"&E15&"|"&F15&"|"&G15 -> [f2b236fa]|OP|glitchTrend|1H | B15: active | C15: =H15/$C$4 -> 0.4 | D15: [f2b236fa] | E15: OP | F15: glitchTrend | G15: 1H | H15: 2000 | I15: =H15*0.21 -> 420 | J15: =I15 -> 420 | K15: 25 | L15: =57.27/6.84 -> 8.372807 | M15: 409 | N15: 45863 | O15: {=IFERROR(INDEX('Strategy Watchlist'!P:P,MATCH($A15,'Strategy Watchlist'!$A:$A,0)),"Not Found")} -> 2.64 | P15: {=IFERROR(INDEX('Strategy Watchlist'!Q:Q,MATCH($A15,'Strategy Watchlist'!$A:$A,0)),"Not Found")} -> 0.13 | Q15: {=IFERROR(INDEX('Strategy Watchlist'!R:R,MATCH($A15,'Strategy Watchlist'!$A:$A,0)),"Not Found")} -> 1.69 | R15: {=IFERROR(INDEX('Strategy Watchlist'!S:S,MATCH($A15,'Strategy Watchlist'!$A:$A,0)),"Not Found")} -> 6.07 | S15: {=IFERROR(INDEX('Strategy Watchlist'!T:T,MATCH($A15,'Strategy Watchlist'!$A:$A,0)),"Not Found")} -> -3.19 | T15: {=IFERROR(INDEX('Strategy Watchlist'!U:U,MATCH($A15,'Strategy Watchlist'!$A:$A,0)),"Not Found")} -> 5.27 | U15: {=IFERROR(INDEX('Strategy Watchlist'!V:V,MATCH($A15,'Strategy Watchlist'!$A:$A,0)),"Not Found")} -> 3.43 | V15: {=IFERROR(INDEX('Strategy Watchlist'!W:W,MATCH($A15,'Strategy Watchlist'!$A:$A,0)),"Not Found")} -> 2.02 | W15: {=IFERROR(INDEX('Strategy Watchlist'!X:X,MATCH($A15,'Strategy Watchlist'!$A:$A,0)),"Not Found")} -> 0.08 | X15: {=IFERROR(INDEX('Strategy Watchlist'!Y:Y,MATCH($A15,'Strategy Watchlist'!$A:$A,0)),"Not Found")} -> 7.85 | Y15: {=IFERROR(INDEX('Strategy Watchlist'!Z:Z,MATCH($A15,'Strategy Watchlist'!$A:$A,0)),"Not Found")} -> https://www.tradingview.com/chart/IMFhBZl2/ | AU15: =AX15&"|"&AY15&"|"&AZ15&"|"&BA15 -> [f2b236fa]|OP|glitchTrend|1H | AV15: toWatch | AX15: [f2b236fa] | AY15: OP | AZ15: glitchTrend | BA15: 1H | BF15: =57.27/6.84 -> 8.372807 | BG15: 409 | BH15: 45863 | BI15: 0.5 | BJ15: 0.13 | BK15: 1.69 | BL15: 6.07 | BM15: -3.19 | BN15: 5.27 | BO15: 3.43 | BP15: 2.02 | BQ15: 0.08 | BR15: 7.85 | BS15: https://daviddtech.com/strategy/hongfei_xx-glitchytrend-opusdt-1h-22-07-2025-copy/
A18: =D18&"|"&E18&"|"&F18&"|"&G18 -> 5x|4400|| | B18: DexAglo 2 | D18: 5x | E18: 4400
A19: =D19&"|"&E19&"|"&F19&"|"&G19 -> [0436a8e8]|SOL|Trendhoo|90m | B19: active | C19: =H19/$C$4 -> 0.8 | D19: [0436a8e8] | E19: SOL | F19: Trendhoo | G19: 90m | H19: 4000 | I19: =H19*0.21 -> 840 | J19: =I19 -> 840 | K19: 22 | L19: {=IFERROR(INDEX('Strategy Watchlist'!L:L,MATCH($A19,'Strategy Watchlist'!$A:$A,0)),"Not Found")} -> 5.0460048 | M19: {=IFERROR(INDEX('Strategy Watchlist'!M:M,MATCH($A19,'Strategy Watchlist'!$A:$A,0)),"Not Found")} -> 327 | N19: {=IFERROR(INDEX('Strategy Watchlist'!N:N,MATCH($A19,'Strategy Watchlist'!$A:$A,0)),"Not Found")} -> 45863 | O19: {=IFERROR(INDEX('Strategy Watchlist'!P:P,MATCH($A19,'Strategy Watchlist'!$A:$A,0)),"Not Found")} -> -0.58 | P19: {=IFERROR(INDEX('Strategy Watchlist'!Q:Q,MATCH($A19,'Strategy Watchlist'!$A:$A,0)),"Not Found")} -> 2.3 | Q19: {=IFERROR(INDEX('Strategy Watchlist'!R:R,MATCH($A19,'Strategy Watchlist'!$A:$A,0)),"Not Found")} -> 0.88 | R19: {=IFERROR(INDEX('Strategy Watchlist'!S:S,MATCH($A19,'Strategy Watchlist'!$A:$A,0)),"Not Found")} -> 0.88 | S19: {=IFERROR(INDEX('Strategy Watchlist'!T:T,MATCH($A19,'Strategy Watchlist'!$A:$A,0)),"Not Found")} -> -0.19 | T19: {=IFERROR(INDEX('Strategy Watchlist'!U:U,MATCH($A19,'Strategy Watchlist'!$A:$A,0)),"Not Found")} -> -0.1 | U19: {=IFERROR(INDEX('Strategy Watchlist'!V:V,MATCH($A19,'Strategy Watchlist'!$A:$A,0)),"Not Found")} -> -0.52 | V19: {=IFERROR(INDEX('Strategy Watchlist'!W:W,MATCH($A19,'Strategy Watchlist'!$A:$A,0)),"Not Found")} -> 1.11 | W19: {=IFERROR(INDEX('Strategy Watchlist'!X:X,MATCH($A19,'Strategy Watchlist'!$A:$A,0)),"Not Found")} -> 2.02 | X19: {=IFERROR(INDEX('Strategy Watchlist'!Y:Y,MATCH($A19,'Strategy Watchlist'!$A:$A,0)),"Not Found")} -> 2.73 | Y19: https://daviddtech.com/strategy/borawx-trendhoov5-solusdt-90m-30-07-copy/ | AU19: =AX19&"|"&AY19&"|"&AZ19&"|"&BA19 -> [0436a8e8]|SOL|Trendhoo|90m | AV19: active | AW19: 0.2 | AX19: [0436a8e8] | AY19: SOL | AZ19: Trendhoo | BA19: 90m | BF19: =20.84/4.13 -> 5.0460048 | BG19: 327 | BH19: 45863 | BI19: 0.72 | BJ19: 1.94 | BK19: 0.74 | BL19: 0.74 | BM19: -0.19 | BN19: -0.1 | BO19: -0.52 | BP19: 1.11 | BQ19: 2.02 | BR19: 2.73 | BS19: https://daviddtech.com/strategy/borawx-trendhoov5-solusdt-90m-30-07-copy/
A20: =D20&"|"&E20&"|"&F20&"|"&G20 -> [1adc9501]|ETH|DeadZone|1H | B20: active | C20: =H20/$C$4 -> 0.6 | D20: [1adc9501] | E20: ETH | F20: DeadZone | G20: 1H | H20: 3000 | I20: =H20*0.21 -> 630 | J20: =I20 -> 630 | K20: 22 | L20: {=IFERROR(INDEX('Strategy Watchlist'!L:L,MATCH($A20,'Strategy Watchlist'!$A:$A,0)),"Not Found")} -> 8.4111675 | M20: {=IFERROR(INDEX('Strategy Watchlist'!M:M,MATCH($A20,'Strategy Watchlist'!$A:$A,0)),"Not Found")} -> 134 | N20: {=IFERROR(INDEX('Strategy Watchlist'!N:N,MATCH($A20,'Strategy Watchlist'!$A:$A,0)),"Not Found")} -> 45802 | O20: {=IFERROR(INDEX('Strategy Watchlist'!P:P,MATCH($A20,'Strategy Watchlist'!$A:$A,0)),"Not Found")} -> 0.51 | P20: {=IFERROR(INDEX('Strategy Watchlist'!Q:Q,MATCH($A20,'Strategy Watchlist'!$A:$A,0)),"Not Found")} -> 0.63 | Q20: {=IFERROR(INDEX('Strategy Watchlist'!R:R,MATCH($A20,'Strategy Watchlist'!$A:$A,0)),"Not Found")} -> 4.53 | R20: {=IFERROR(INDEX('Strategy Watchlist'!S:S,MATCH($A20,'Strategy Watchlist'!$A:$A,0)),"Not Found")} -> 3.6 | S20: {=IFERROR(INDEX('Strategy Watchlist'!T:T,MATCH($A20,'Strategy Watchlist'!$A:$A,0)),"Not Found")} -> 1.09 | T20: {=IFERROR(INDEX('Strategy Watchlist'!U:U,MATCH($A20,'Strategy Watchlist'!$A:$A,0)),"Not Found")} -> 2.31 | U20: {=IFERROR(INDEX('Strategy Watchlist'!V:V,MATCH($A20,'Strategy Watchlist'!$A:$A,0)),"Not Found")} -> 0.49 | V20: {=IFERROR(INDEX('Strategy Watchlist'!W:W,MATCH($A20,'Strategy Watchlist'!$A:$A,0)),"Not Found")} -> -1.63 | W20: {=IFERROR(INDEX('Strategy Watchlist'!X:X,MATCH($A20,'Strategy Watchlist'!$A:$A,0)),"Not Found")} -> 0.27 | X20: {=IFERROR(INDEX('Strategy Watchlist'!Y:Y,MATCH($A20,'Strategy Watchlist'!$A:$A,0)),"Not Found")} -> 2.35 | Y20: https://daviddtech.com/strategy/borawx-trendhoov5-solusdt-90m-30-07-copy/ | AU20: =AX20&"|"&AY20&"|"&AZ20&"|"&BA20 -> [1adc9501]|ETH|DeadZone|1H | AV20: toWatch | AX20: [1adc9501] | AY20: ETH | AZ20: DeadZone | BA20: 1H | BF20: =33.14/3.94 -> 8.4111675 | BG20: 134 | BH20: 45802 | BI20: 0.9 | BJ20: 0.63 | BK20: 4.53 | BL20: 3.6 | BM20: 1.09 | BN20: 2.31 | BO20: 0.49 | BP20: -1.63 | BQ20: 0.27 | BR20: 2.35 | BS20: https://daviddtech.com/strategy/eth_deadzone_1hr-copy-croc5455/
A21: =D21&"|"&E21&"|"&F21&"|"&G21 -> [04ea3071]|BTC|AI vs Ninja Turtle|76min | B21: active | C21: =H21/$C$4 -> 0.6 | D21: [04ea3071] | E21: BTC | F21: AI vs Ninja Turtle | G21: 76min | H21: 3000 | I21: =H21*0.21 -> 630 | J21: 1000 | K21: 40 | L21: =37.21/4.33 -> 8.5935335 | M21: 78 | N21: 45682 | O21: {=IFERROR(INDEX('Strategy Watchlist'!P:P,MATCH($A21,'Strategy Watchlist'!$A:$A,0)),"Not Found")} -> 1.67 | P21: 0.99 | Q21: -0.22 | R21: 2.83 | S21: -1.36 | T21: 3.58 | U21: -0.43 | V21: 1.13 | W21: 1.58 | X21: 3.31 | Y21: https://daviddtech.com/strategy/igorek-aivsnn-btcusdt-76m-22-10-2024-copy/ | AU21: =AX21&"|"&AY21&"|"&AZ21&"|"&BA21 -> [04ea3071]|BTC|AI vs Ninja Turtle|76min | AV21: active | AX21: [04ea3071] | AY21: BTC | AZ21: AI vs Ninja Turtle | BA21: 76min | BF21: =37.21/4.33 -> 8.5935335 | BG21: 78 | BH21: 45682 | BI21: 0.99 | BJ21: -0.22 | BK21: 2.83 | BL21: -1.36 | BM21: 3.58 | BN21: -0.43 | BO21: 1.13 | BP21: 1.58 | BQ21: 3.31 | BR21: https://daviddtech.com/strategy/igorek-aivsnn-btcusdt-76m-22-10-2024-copy/
A22: =D22&"|"&E22&"|"&F22&"|"&G22 -> [967f469a]|LINK|McGingley|45m | B22: paused | C22: =H22/$C$4 -> 0.6 | D22: [967f469a] | E22: LINK | F22: McGingley | G22: 45m | H22: 3000 | I22: =H22*0.21 -> 630 | J22: 5680 | K22: 22 | L22: {=IFERROR(INDEX('Strategy Watchlist'!L:L,MATCH($A22,'Strategy Watchlist'!$A:$A,0)),"Not Found")} -> 20.013514 | M22: {=IFERROR(INDEX('Strategy Watchlist'!M:M,MATCH($A22,'Strategy Watchlist'!$A:$A,0)),"Not Found")} -> 83 | N22: {=IFERROR(INDEX('Strategy Watchlist'!N:N,MATCH($A22,'Strategy Watchlist'!$A:$A,0)),"Not Found")} -> 45717 | O22: {=IFERROR(INDEX('Strategy Watchlist'!P:P,MATCH($A22,'Strategy Watchlist'!$A:$A,0)),"Not Found")} -> -1.22 | P22: {=IFERROR(INDEX('Strategy Watchlist'!Q:Q,MATCH($A22,'Strategy Watchlist'!$A:$A,0)),"Not Found")} -> 0.61 | Q22: {=IFERROR(INDEX('Strategy Watchlist'!R:R,MATCH($A22,'Strategy Watchlist'!$A:$A,0)),"Not Found")} -> 1.39 | R22: {=IFERROR(INDEX('Strategy Watchlist'!S:S,MATCH($A22,'Strategy Watchlist'!$A:$A,0)),"Not Found")} -> 0.12 | S22: {=IFERROR(INDEX('Strategy Watchlist'!T:T,MATCH($A22,'Strategy Watchlist'!$A:$A,0)),"Not Found")} -> 1.48 | T22: {=IFERROR(INDEX('Strategy Watchlist'!U:U,MATCH($A22,'Strategy Watchlist'!$A:$A,0)),"Not Found")} -> 0.54 | U22: {=IFERROR(INDEX('Strategy Watchlist'!V:V,MATCH($A22,'Strategy Watchlist'!$A:$A,0)),"Not Found")} -> 0.91 | V22: {=IFERROR(INDEX('Strategy Watchlist'!W:W,MATCH($A22,'Strategy Watchlist'!$A:$A,0)),"Not Found")} -> 0.02 | W22: {=IFERROR(INDEX('Strategy Watchlist'!X:X,MATCH($A22,'Strategy Watchlist'!$A:$A,0)),"Not Found")} -> 0.97 | X22: {=IFERROR(INDEX('Strategy Watchlist'!Y:Y,MATCH($A22,'Strategy Watchlist'!$A:$A,0)),"Not Found")} -> -0.53 | Y22: {=IFERROR(INDEX('Strategy Watchlist'!Z:Z,MATCH($A22,'Strategy Watchlist'!$A:$A,0)),"Not Found")} -> https://www.tradingview.com/chart/285fzTJB/
A24: =D24&"|"&E24&"|"&F24&"|"&G24 -> 7x|4400|| | B24: DexAlgo 3 | D24: 7x | E24: 4400
A25: =D25&"|"&E25&"|"&F25&"|"&G25 -> 17.12.2024|ARB|Heiken-Ashi|45m | B25: active | C25: =H25/$C$4 -> 0.4 | D25: 17.12.2024 | E25: ARB | F25: Heiken-Ashi | G25: 45m | H25: 2000 | I25: =H25*0.21 -> 420 | J25: 440 | K25: 16 | L25: {=IFERROR(INDEX('Strategy Watchlist'!L:L,MATCH($A25,'Strategy Watchlist'!$A:$A,0)),"Not Found")} -> 12.102857 | M25: {=IFERROR(INDEX('Strategy Watchlist'!M:M,MATCH($A25,'Strategy Watchlist'!$A:$A,0)),"Not Found")} -> 294 | N25: {=IFERROR(INDEX('Strategy Watchlist'!N:N,MATCH($A25,'Strategy Watchlist'!$A:$A,0)),"Not Found")} -> 45772 | O25: {=IFERROR(INDEX('Strategy Watchlist'!P:P,MATCH($A25,'Strategy Watchlist'!$A:$A,0)),"Not Found")} -> -0.88 | P25: {=IFERROR(INDEX('Strategy Watchlist'!Q:Q,MATCH($A25,'Strategy Watchlist'!$A:$A,0)),"Not Found")} -> 0.46 | Q25: {=IFERROR(INDEX('Strategy Watchlist'!R:R,MATCH($A25,'Strategy Watchlist'!$A:$A,0)),"Not Found")} -> -0.54 | R25: {=IFERROR(INDEX('Strategy Watchlist'!S:S,MATCH($A25,'Strategy Watchlist'!$A:$A,0)),"Not Found")} -> 4.43 | S25: {=IFERROR(INDEX('Strategy Watchlist'!T:T,MATCH($A25,'Strategy Watchlist'!$A:$A,0)),"Not Found")} -> -0.26 | T25: {=IFERROR(INDEX('Strategy Watchlist'!U:U,MATCH($A25,'Strategy Watchlist'!$A:$A,0)),"Not Found")} -> 0.04 | U25: {=IFERROR(INDEX('Strategy Watchlist'!V:V,MATCH($A25,'Strategy Watchlist'!$A:$A,0)),"Not Found")} -> 1.27 | V25: {=IFERROR(INDEX('Strategy Watchlist'!W:W,MATCH($A25,'Strategy Watchlist'!$A:$A,0)),"Not Found")} -> 3.69 | W25: {=IFERROR(INDEX('Strategy Watchlist'!X:X,MATCH($A25,'Strategy Watchlist'!$A:$A,0)),"Not Found")} -> -0.27 | X25: {=IFERROR(INDEX('Strategy Watchlist'!Y:Y,MATCH($A25,'Strategy Watchlist'!$A:$A,0)),"Not Found")} -> 3.17 | Y25: {=IFERROR(INDEX('Strategy Watchlist'!Z:Z,MATCH($A25,'Strategy Watchlist'!$A:$A,0)),"Not Found")} -> https://www.tradingview.com/chart/9cT1VRvW/
A26: =D26&"|"&E26&"|"&F26&"|"&G26 -> |PePe|T3 Nexus|30m | B26: active | C26: =H26/$C$4 -> 0.3 | E26: PePe | F26: T3 Nexus | G26: 30m | H26: 1500 | I26: =H26*0.21 -> 315 | J26: 460 | K26: 16 | L26: {=IFERROR(INDEX('Strategy Watchlist'!L:L,MATCH($A26,'Strategy Watchlist'!$A:$A,0)),"Not Found")} -> 0.82275229 | M26: {=IFERROR(INDEX('Strategy Watchlist'!M:M,MATCH($A26,'Strategy Watchlist'!$A:$A,0)),"Not Found")} -> 748 | N26: {=IFERROR(INDEX('Strategy Watchlist'!N:N,MATCH($A26,'Strategy Watchlist'!$A:$A,0)),"Not Found")} -> 45662 | O26: {=IFERROR(INDEX('Strategy Watchlist'!P:P,MATCH($A26,'Strategy Watchlist'!$A:$A,0)),"Not Found")} -> -8.96 | P26: {=IFERROR(INDEX('Strategy Watchlist'!Q:Q,MATCH($A26,'Strategy Watchlist'!$A:$A,0)),"Not Found")} -> -0.19 | Q26: {=IFERROR(INDEX('Strategy Watchlist'!R:R,MATCH($A26,'Strategy Watchlist'!$A:$A,0)),"Not Found")} -> 6.1 | R26: {=IFERROR(INDEX('Strategy Watchlist'!S:S,MATCH($A26,'Strategy Watchlist'!$A:$A,0)),"Not Found")} -> 3.29 | S26: {=IFERROR(INDEX('Strategy Watchlist'!T:T,MATCH($A26,'Strategy Watchlist'!$A:$A,0)),"Not Found")} -> 1.47 | T26: {=IFERROR(INDEX('Strategy Watchlist'!U:U,MATCH($A26,'Strategy Watchlist'!$A:$A,0)),"Not Found")} -> 6.2 | U26: {=IFERROR(INDEX('Strategy Watchlist'!V:V,MATCH($A26,'Strategy Watchlist'!$A:$A,0)),"Not Found")} -> -4.5 | V26: {=IFERROR(INDEX('Strategy Watchlist'!W:W,MATCH($A26,'Strategy Watchlist'!$A:$A,0)),"Not Found")} -> 4.74 | W26: {=IFERROR(INDEX('Strategy Watchlist'!X:X,MATCH($A26,'Strategy Watchlist'!$A:$A,0)),"Not Found")} -> 1.16 | X26: {=IFERROR(INDEX('Strategy Watchlist'!Y:Y,MATCH($A26,'Strategy Watchlist'!$A:$A,0)),"Not Found")} -> 7.62 | Y26: {=IFERROR(INDEX('Strategy Watchlist'!Z:Z,MATCH($A26,'Strategy Watchlist'!$A:$A,0)),"Not Found")} -> https://www.tradingview.com/chart/Kj5ZGHdw/
A27: =D27&"|"&E27&"|"&F27&"|"&G27 -> [1e052093]|SOL|FlashProfit|59m | B27: active | C27: =H27/$C$4 -> 0.8 | D27: [1e052093] | E27: SOL | F27: FlashProfit | G27: 59m | H27: 4000 | I27: =H27*0.21 -> 840 | J27: 800 | K27: 25 | L27: {=IFERROR(INDEX('Strategy Watchlist'!L:L,MATCH($A27,'Strategy Watchlist'!$A:$A,0)),"Not Found")} -> 4.1988506 | M27: {=IFERROR(INDEX('Strategy Watchlist'!M:M,MATCH($A27,'Strategy Watchlist'!$A:$A,0)),"Not Found")} -> 567 | N27: {=IFERROR(INDEX('Strategy Watchlist'!N:N,MATCH($A27,'Strategy Watchlist'!$A:$A,0)),"Not Found")} -> 45925 | O27: {=IFERROR(INDEX('Strategy Watchlist'!P:P,MATCH($A27,'Strategy Watchlist'!$A:$A,0)),"Not Found")} -> 0.82 | P27: {=IFERROR(INDEX('Strategy Watchlist'!Q:Q,MATCH($A27,'Strategy Watchlist'!$A:$A,0)),"Not Found")} -> 6.44 | Q27: {=IFERROR(INDEX('Strategy Watchlist'!R:R,MATCH($A27,'Strategy Watchlist'!$A:$A,0)),"Not Found")} -> 4.43 | R27: {=IFERROR(INDEX('Strategy Watchlist'!S:S,MATCH($A27,'Strategy Watchlist'!$A:$A,0)),"Not Found")} -> -0.32 | S27: {=IFERROR(INDEX('Strategy Watchlist'!T:T,MATCH($A27,'Strategy Watchlist'!$A:$A,0)),"Not Found")} -> 0.78 | T27: {=IFERROR(INDEX('Strategy Watchlist'!U:U,MATCH($A27,'Strategy Watchlist'!$A:$A,0)),"Not Found")} -> 2.03 | U27: {=IFERROR(INDEX('Strategy Watchlist'!V:V,MATCH($A27,'Strategy Watchlist'!$A:$A,0)),"Not Found")} -> 0.72 | V27: {=IFERROR(INDEX('Strategy Watchlist'!W:W,MATCH($A27,'Strategy Watchlist'!$A:$A,0)),"Not Found")} -> 2.39 | W27: {=IFERROR(INDEX('Strategy Watchlist'!X:X,MATCH($A27,'Strategy Watchlist'!$A:$A,0)),"Not Found")} -> 1.96 | X27: {=IFERROR(INDEX('Strategy Watchlist'!Y:Y,MATCH($A27,'Strategy Watchlist'!$A:$A,0)),"Not Found")} -> 0.45 | Y27: {=IFERROR(INDEX('Strategy Watchlist'!Z:Z,MATCH($A27,'Strategy Watchlist'!$A:$A,0)),"Not Found")} -> https://www.tradingview.com/chart/mnGjsgoY/
A28: =D28&"|"&E28&"|"&F28&"|"&G28 -> |LINK|McGinley|45m | B28: active | C28: =H28/$C$4 -> 0.7 | E28: LINK | F28: McGinley | G28: 45m | H28: 3500 | I28: =H28*0.21 -> 735 | J28: 800 | K28: 25 | L28: {=IFERROR(INDEX('Strategy Watchlist'!L:L,MATCH($A28,'Strategy Watchlist'!$A:$A,0)),"Not Found")} -> 7.7349823 | M28: {=IFERROR(INDEX('Strategy Watchlist'!M:M,MATCH($A28,'Strategy Watchlist'!$A:$A,0)),"Not Found")} -> 147 | N28: {=IFERROR(INDEX('Strategy Watchlist'!N:N,MATCH($A28,'Strategy Watchlist'!$A:$A,0)),"Not Found")} -> 45802 | O28: {=IFERROR(INDEX('Strategy Watchlist'!P:P,MATCH($A28,'Strategy Watchlist'!$A:$A,0)),"Not Found")} -> -0.55 | P28: {=IFERROR(INDEX('Strategy Watchlist'!Q:Q,MATCH($A28,'Strategy Watchlist'!$A:$A,0)),"Not Found")} -> -1.1 | Q28: {=IFERROR(INDEX('Strategy Watchlist'!R:R,MATCH($A28,'Strategy Watchlist'!$A:$A,0)),"Not Found")} -> 2.98 | R28: {=IFERROR(INDEX('Strategy Watchlist'!S:S,MATCH($A28,'Strategy Watchlist'!$A:$A,0)),"Not Found")} -> 2.97 | S28: {=IFERROR(INDEX('Strategy Watchlist'!T:T,MATCH($A28,'Strategy Watchlist'!$A:$A,0)),"Not Found")} -> 2.9 | T28: {=IFERROR(INDEX('Strategy Watchlist'!U:U,MATCH($A28,'Strategy Watchlist'!$A:$A,0)),"Not Found")} -> 2 | U28: {=IFERROR(INDEX('Strategy Watchlist'!V:V,MATCH($A28,'Strategy Watchlist'!$A:$A,0)),"Not Found")} -> 2.24 | V28: {=IFERROR(INDEX('Strategy Watchlist'!W:W,MATCH($A28,'Strategy Watchlist'!$A:$A,0)),"Not Found")} -> 0.79 | W28: {=IFERROR(INDEX('Strategy Watchlist'!X:X,MATCH($A28,'Strategy Watchlist'!$A:$A,0)),"Not Found")} -> 0.69 | X28: {=IFERROR(INDEX('Strategy Watchlist'!Y:Y,MATCH($A28,'Strategy Watchlist'!$A:$A,0)),"Not Found")} -> -0.61 | Y28: {=IFERROR(INDEX('Strategy Watchlist'!Z:Z,MATCH($A28,'Strategy Watchlist'!$A:$A,0)),"Not Found")} -> https://www.tradingview.com/chart/elrmSYee/
A29: =D29&"|"&E29&"|"&F29&"|"&G29 -> [6dcd4dc9]|ETH|precisionTrend|30m | B29: active | C29: =H29/$C$4 -> 0.6 | D29: [6dcd4dc9] | E29: ETH | F29: precisionTrend | G29: 30m | H29: 3000 | I29: =H29*0.21 -> 630 | J29: 920 | K29: 22 | L29: {=IFERROR(INDEX('Strategy Watchlist'!L:L,MATCH($A29,'Strategy Watchlist'!$A:$A,0)),"Not Found")} -> 9.211236 | M29: {=IFERROR(INDEX('Strategy Watchlist'!M:M,MATCH($A29,'Strategy Watchlist'!$A:$A,0)),"Not Found")} -> 312 | N29: {=IFERROR(INDEX('Strategy Watchlist'!N:N,MATCH($A29,'Strategy Watchlist'!$A:$A,0)),"Not Found")} -> 45772 | O29: {=IFERROR(INDEX('Strategy Watchlist'!P:P,MATCH($A29,'Strategy Watchlist'!$A:$A,0)),"Not Found")} -> 1.07 | P29: {=IFERROR(INDEX('Strategy Watchlist'!Q:Q,MATCH($A29,'Strategy Watchlist'!$A:$A,0)),"Not Found")} -> -2.52 | Q29: {=IFERROR(INDEX('Strategy Watchlist'!R:R,MATCH($A29,'Strategy Watchlist'!$A:$A,0)),"Not Found")} -> 1.84 | R29: {=IFERROR(INDEX('Strategy Watchlist'!S:S,MATCH($A29,'Strategy Watchlist'!$A:$A,0)),"Not Found")} -> 3.9 | S29: {=IFERROR(INDEX('Strategy Watchlist'!T:T,MATCH($A29,'Strategy Watchlist'!$A:$A,0)),"Not Found")} -> 1.37 | T29: {=IFERROR(INDEX('Strategy Watchlist'!U:U,MATCH($A29,'Strategy Watchlist'!$A:$A,0)),"Not Found")} -> 6.22 | U29: {=IFERROR(INDEX('Strategy Watchlist'!V:V,MATCH($A29,'Strategy Watchlist'!$A:$A,0)),"Not Found")} -> 3 | V29: {=IFERROR(INDEX('Strategy Watchlist'!W:W,MATCH($A29,'Strategy Watchlist'!$A:$A,0)),"Not Found")} -> 3.99 | W29: {=IFERROR(INDEX('Strategy Watchlist'!X:X,MATCH($A29,'Strategy Watchlist'!$A:$A,0)),"Not Found")} -> 0.93 | X29: {=IFERROR(INDEX('Strategy Watchlist'!Y:Y,MATCH($A29,'Strategy Watchlist'!$A:$A,0)),"Not Found")} -> 2.21 | Y29: {=IFERROR(INDEX('Strategy Watchlist'!Z:Z,MATCH($A29,'Strategy Watchlist'!$A:$A,0)),"Not Found")} -> https://www.tradingview.com/chart/YxD2lfI2/
A30: =D30&"|"&E30&"|"&F30&"|"&G30 -> [da58bf67]|NEAR|Trendhoo|30m | B30: active | C30: =H30/$C$4 -> 0.36 | D30: [da58bf67] | E30: NEAR | F30: Trendhoo | G30: 30m | H30: 1800 | I30: =H30*0.21 -> 378 | J30: 400 | K30: 18 | L30: {=IFERROR(INDEX('Strategy Watchlist'!L:L,MATCH($A30,'Strategy Watchlist'!$A:$A,0)),"Not Found")} -> 5.9785235 | M30: {=IFERROR(INDEX('Strategy Watchlist'!M:M,MATCH($A30,'Strategy Watchlist'!$A:$A,0)),"Not Found")} -> 188 | N30: {=IFERROR(INDEX('Strategy Watchlist'!N:N,MATCH($A30,'Strategy Watchlist'!$A:$A,0)),"Not Found")} -> 45802 | O30: {=IFERROR(INDEX('Strategy Watchlist'!P:P,MATCH($A30,'Strategy Watchlist'!$A:$A,0)),"Not Found")} -> 0.27 | P30: {=IFERROR(INDEX('Strategy Watchlist'!Q:Q,MATCH($A30,'Strategy Watchlist'!$A:$A,0)),"Not Found")} -> 0 | Q30: {=IFERROR(INDEX('Strategy Watchlist'!R:R,MATCH($A30,'Strategy Watchlist'!$A:$A,0)),"Not Found")} -> 4.76 | R30: {=IFERROR(INDEX('Strategy Watchlist'!S:S,MATCH($A30,'Strategy Watchlist'!$A:$A,0)),"Not Found")} -> 1.93 | S30: {=IFERROR(INDEX('Strategy Watchlist'!T:T,MATCH($A30,'Strategy Watchlist'!$A:$A,0)),"Not Found")} -> 1.34 | T30: {=IFERROR(INDEX('Strategy Watchlist'!U:U,MATCH($A30,'Strategy Watchlist'!$A:$A,0)),"Not Found")} -> 2.3 | U30: {=IFERROR(INDEX('Strategy Watchlist'!V:V,MATCH($A30,'Strategy Watchlist'!$A:$A,0)),"Not Found")} -> 0.08 | V30: {=IFERROR(INDEX('Strategy Watchlist'!W:W,MATCH($A30,'Strategy Watchlist'!$A:$A,0)),"Not Found")} -> 1.26 | W30: {=IFERROR(INDEX('Strategy Watchlist'!X:X,MATCH($A30,'Strategy Watchlist'!$A:$A,0)),"Not Found")} -> 1.01 | X30: {=IFERROR(INDEX('Strategy Watchlist'!Y:Y,MATCH($A30,'Strategy Watchlist'!$A:$A,0)),"Not Found")} -> 5.82 | Y30: {=IFERROR(INDEX('Strategy Watchlist'!Z:Z,MATCH($A30,'Strategy Watchlist'!$A:$A,0)),"Not Found")} -> https://www.tradingview.com/chart/CsNPJ40O/ | AU30: toWatch | AW30: NEAR | AX30: Trendhoo | AY30: =44.54/7.45 -> 5.9785235 | AZ30: 188 | BA30: 30m | BB30: 45802 | BC30: -0.16 | BD30: 4.76 | BE30: 1.93 | BF30: 1.34 | BG30: 2.3 | BH30: 0.08 | BI30: 1.26 | BJ30: 1.01 | BK30: 5.82 | BL30: [da58bf67] | BM30: https://daviddtech.com/strategy/fishyink-stiffsurge-nearusdt-1h-03-12-2024-copy/
A31: =D31&"|"&E31&"|"&F31&"|"&G31 -> [4a2ddf14]|AAVE|McGlinley|45m | B31: active | C31: =H31/$C$4 -> 0.8 | D31: [4a2ddf14] | E31: AAVE | F31: McGlinley | G31: 45m | H31: 4000 | I31: =H31*0.21 -> 840 | J31: =I31 -> 840 | K31: 23 | L31: =12.6/4.72 -> 2.6694915 | M31: 317 | N31: 45682 | O31: {=IFERROR(INDEX('Strategy Watchlist'!P:P,MATCH($A31,'Strategy Watchlist'!$A:$A,0)),"Not Found")} -> 2.66 | P31: {=IFERROR(INDEX('Strategy Watchlist'!Q:Q,MATCH($A31,'Strategy Watchlist'!$A:$A,0)),"Not Found")} -> -0.85 | Q31: {=IFERROR(INDEX('Strategy Watchlist'!R:R,MATCH($A31,'Strategy Watchlist'!$A:$A,0)),"Not Found")} -> 3.55 | R31: {=IFERROR(INDEX('Strategy Watchlist'!S:S,MATCH($A31,'Strategy Watchlist'!$A:$A,0)),"Not Found")} -> 1.77 | S31: {=IFERROR(INDEX('Strategy Watchlist'!T:T,MATCH($A31,'Strategy Watchlist'!$A:$A,0)),"Not Found")} -> 1.63 | T31: {=IFERROR(INDEX('Strategy Watchlist'!U:U,MATCH($A31,'Strategy Watchlist'!$A:$A,0)),"Not Found")} -> -1.84 | U31: {=IFERROR(INDEX('Strategy Watchlist'!V:V,MATCH($A31,'Strategy Watchlist'!$A:$A,0)),"Not Found")} -> 0.2 | V31: {=IFERROR(INDEX('Strategy Watchlist'!W:W,MATCH($A31,'Strategy Watchlist'!$A:$A,0)),"Not Found")} -> -1.49 | W31: {=IFERROR(INDEX('Strategy Watchlist'!X:X,MATCH($A31,'Strategy Watchlist'!$A:$A,0)),"Not Found")} -> 0 | X31: {=IFERROR(INDEX('Strategy Watchlist'!Y:Y,MATCH($A31,'Strategy Watchlist'!$A:$A,0)),"Not Found")} -> 0.28 | Y31: {=IFERROR(INDEX('Strategy Watchlist'!Z:Z,MATCH($A31,'Strategy Watchlist'!$A:$A,0)),"Not Found")} -> https://www.tradingview.com/chart/Xt8Libni/ | AU31: =AX31&"|"&AY31&"|"&AZ31&"|"&BA31 -> [4a2ddf14]|AAVE|McGlinley|45m | AV31: active | AX31: [4a2ddf14] | AY31: AAVE | AZ31: McGlinley | BA31: 45m | BF31: =12.6/4.72 -> 2.6694915 | BG31: 317 | BH31: 45682 | BI31: 1.1 | BJ31: -0.85 | BK31: 3.55 | BL31: 1.77 | BM31: 1.63 | BN31: -1.84 | BO31: 0.2 | BP31: -1.49 | BQ31: 0 | BR31: 0.28 | BS31: https://daviddtech.com/strategy/inactive-chibuku-mcginleyv5-aaveusdt-45m-19-12-2/
A32: =D32&"|"&E32&"|"&F32&"|"&G32 -> [b39d1d6e]|PIXEL|WolfnBear|1H | B32: active | C32: =H32/$C$4 -> 0.8 | D32: [b39d1d6e] | E32: PIXEL | F32: WolfnBear | G32: 1H | H32: 4000 | I32: =H32*0.21 -> 840 | J32: =I32 -> 840 | K32: 22 | L32: {=IFERROR(INDEX('Strategy Watchlist'!L:L,MATCH($A32,'Strategy Watchlist'!$A:$A,0)),"Not Found")} -> 6.7377399 | M32: {=IFERROR(INDEX('Strategy Watchlist'!M:M,MATCH($A32,'Strategy Watchlist'!$A:$A,0)),"Not Found")} -> 124 | N32: {=IFERROR(INDEX('Strategy Watchlist'!N:N,MATCH($A32,'Strategy Watchlist'!$A:$A,0)),"Not Found")} -> 45833 | O32: {=IFERROR(INDEX('Strategy Watchlist'!P:P,MATCH($A32,'Strategy Watchlist'!$A:$A,0)),"Not Found")} -> 1.78 | P32: {=IFERROR(INDEX('Strategy Watchlist'!Q:Q,MATCH($A32,'Strategy Watchlist'!$A:$A,0)),"Not Found")} -> -0.58 | Q32: {=IFERROR(INDEX('Strategy Watchlist'!R:R,MATCH($A32,'Strategy Watchlist'!$A:$A,0)),"Not Found")} -> 2.67 | R32: {=IFERROR(INDEX('Strategy Watchlist'!S:S,MATCH($A32,'Strategy Watchlist'!$A:$A,0)),"Not Found")} -> 4.07 | S32: {=IFERROR(INDEX('Strategy Watchlist'!T:T,MATCH($A32,'Strategy Watchlist'!$A:$A,0)),"Not Found")} -> 2.3 | T32: {=IFERROR(INDEX('Strategy Watchlist'!U:U,MATCH($A32,'Strategy Watchlist'!$A:$A,0)),"Not Found")} -> 1.05 | U32: {=IFERROR(INDEX('Strategy Watchlist'!V:V,MATCH($A32,'Strategy Watchlist'!$A:$A,0)),"Not Found")} -> -1.13 | V32: {=IFERROR(INDEX('Strategy Watchlist'!W:W,MATCH($A32,'Strategy Watchlist'!$A:$A,0)),"Not Found")} -> 0.64 | W32: {=IFERROR(INDEX('Strategy Watchlist'!X:X,MATCH($A32,'Strategy Watchlist'!$A:$A,0)),"Not Found")} -> -0.53 | X32: {=IFERROR(INDEX('Strategy Watchlist'!Y:Y,MATCH($A32,'Strategy Watchlist'!$A:$A,0)),"Not Found")} -> -0.16 | Y32: {=IFERROR(INDEX('Strategy Watchlist'!Z:Z,MATCH($A32,'Strategy Watchlist'!$A:$A,0)),"Not Found")} -> https://www.tradingview.com/chart/7HMGQSsJ/ | AU32: toWatch | AV32: d | AW32: PIXEL | AX32: WolfnBear | AY32: 8.125 | AZ32: 124 | BA32: 1H | BB32: 45833 | BC32: -0.09 | BD32: 2.89 | BE32: 4.46 | BF32: 2.52 | BG32: 1.25 | BH32: -1.13 | BI32: 0.64 | BJ32: -0.53 | BK32: -0.16 | BL32: [b39d1d6e] | BM32: https://daviddtech.com/strategy/reid-wolfbearv5-pixelusdt-1h-14-01-2025-copy/
A33: =D33&"|"&E33&"|"&F33&"|"&G33 -> [8a00ecfa]|ADA|JpTrendForce|1H | B33: active | C33: =H33/$C$4 -> 0.4 | D33: [8a00ecfa] | E33: ADA | F33: JpTrendForce | G33: 1H | H33: 2000 | I33: =H33*0.21 -> 420 | J33: =I33 -> 420 | K33: 25 | L33: =38.28/5.19 -> 7.3757225 | M33: 160 | N33: 45682 | O33: {=IFERROR(INDEX('Strategy Watchlist'!P:P,MATCH($A33,'Strategy Watchlist'!$A:$A,0)),"Not Found")} -> 3.77 | P33: -1.61 | Q33: 1.35 | R33: 2.58 | S33: 3.16 | T33: 1.52 | U33: -1.1 | V33: -1.24 | W33: 0 | X33: 0 | Y33: https://daviddtech.com/strategy/gentlesir-jptrendforce-adausdt-1h-15-10-2024-copy/ | AU33: =AX33&"|"&AY33&"|"&AZ33&"|"&BA33 -> [8a00ecfa]|ADA|JpTrendForce|1H | AV33: toWatch | AX33: [8a00ecfa] | AY33: ADA | AZ33: JpTrendForce | BA33: 1H | BF33: =38.28/5.19 -> 7.3757225 | BG33: 160 | BH33: 45682 | BI33: 3.77 | BJ33: -1.61 | BK33: 1.35 | BL33: 2.58 | BM33: 3.16 | BN33: 1.52 | BO33: -1.1 | BP33: -1.24 | BQ33: 0 | BR33: 0 | BS33: https://daviddtech.com/strategy/gentlesir-jptrendforce-adausdt-1h-15-10-2024-copy/
A34: =D34&"|"&E34&"|"&F34&"|"&G34 -> [fbf06b43]|MNT|Trendhoo|37m | B34: active | C34: =H34/$C$4 -> 0.7 | D34: [fbf06b43] | E34: MNT | F34: Trendhoo | G34: 37m | H34: 3500 | I34: =H34*0.21 -> 735 | J34: =I34 -> 735 | K34: 28 | L34: =106.85/16.15 -> 6.6160991 | M34: 846 | N34: 45863 | O34: {=IFERROR(INDEX('Strategy Watchlist'!P:P,MATCH($A34,'Strategy Watchlist'!$A:$A,0)),"Not Found")} -> 2.49 | P34: 6.22 | Q34: 2.4 | R34: 14.95 | S34: -0.75 | T34: 2.18 | U34: -6.96 | V34: -0.73 | W34: -1.92 | X34: 6.73 | Y34: https://daviddtech.com/strategy/creedomrings-trendhoo-mntusdt-37m-06-08-copy/ | AU34: =AX34&"|"&AY34&"|"&AZ34&"|"&BA34 -> [fbf06b43]|MNT|Trendhoo|37m | AV34: active | AW34: 0.2 | AX34: [fbf06b43] | AY34: MNT | AZ34: Trendhoo | BA34: 37m | BF34: =106.85/16.15 -> 6.6160991 | BG34: 846 | BH34: 45863 | BI34: 2.49 | BJ34: 6.22 | BK34: 2.4 | BL34: 14.95 | BM34: -0.75 | BN34: 2.18 | BO34: -6.96 | BP34: -0.73 | BQ34: -1.92 | BR34: 6.73 | BS34: https://daviddtech.com/strategy/creedomrings-trendhoo-mntusdt-37m-06-08-copy/
A36: =D36&"|"&E36&"|"&F36&"|"&G36 -> 5x|BTC|DCA|30m | B36: active | D36: 5x | E36: BTC | F36: DCA | G36: 30m | H36: 1071 | I36: 5 | J36: =H36*I36 -> 5355
A43: =D43&"|"&E43&"|"&F43&"|"&G43 -> |25000|36000| | B43: Dexigner/MyBybit | E43: 25000 | F43: 36000
A44: =D44&"|"&E44&"|"&F44&"|"&G44 -> [17ab2738]|ARB|stiff Surge|45m | B44: active | C44: =H44/$F$43 -> 0.55555556 | D44: [17ab2738] | E44: ARB | F44: stiff Surge | G44: 45m | H44: 20000 | I44: =H44*0.21 -> 4200 | J44: 5400 | K44: 200 | L44: {=IFERROR(INDEX('Strategy Watchlist'!L:L,MATCH($A44,'Strategy Watchlist'!$A:$A,0)),"Not Found")} -> 10.965644 | M44: {=IFERROR(INDEX('Strategy Watchlist'!M:M,MATCH($A44,'Strategy Watchlist'!$A:$A,0)),"Not Found")} -> 824 | N44: {=IFERROR(INDEX('Strategy Watchlist'!N:N,MATCH($A44,'Strategy Watchlist'!$A:$A,0)),"Not Found")} -> 45689 | O44: {=IFERROR(INDEX('Strategy Watchlist'!P:P,MATCH($A44,'Strategy Watchlist'!$A:$A,0)),"Not Found")} -> -1.7 | P44: {=IFERROR(INDEX('Strategy Watchlist'!Q:Q,MATCH($A44,'Strategy Watchlist'!$A:$A,0)),"Not Found")} -> -6.85 | Q44: {=IFERROR(INDEX('Strategy Watchlist'!R:R,MATCH($A44,'Strategy Watchlist'!$A:$A,0)),"Not Found")} -> 1.99 | R44: {=IFERROR(INDEX('Strategy Watchlist'!S:S,MATCH($A44,'Strategy Watchlist'!$A:$A,0)),"Not Found")} -> 6.96 | S44: {=IFERROR(INDEX('Strategy Watchlist'!T:T,MATCH($A44,'Strategy Watchlist'!$A:$A,0)),"Not Found")} -> 8.074 | T44: {=IFERROR(INDEX('Strategy Watchlist'!U:U,MATCH($A44,'Strategy Watchlist'!$A:$A,0)),"Not Found")} -> 11.5 | U44: {=IFERROR(INDEX('Strategy Watchlist'!V:V,MATCH($A44,'Strategy Watchlist'!$A:$A,0)),"Not Found")} -> 2.75 | V44: {=IFERROR(INDEX('Strategy Watchlist'!W:W,MATCH($A44,'Strategy Watchlist'!$A:$A,0)),"Not Found")} -> 2.57 | W44: {=IFERROR(INDEX('Strategy Watchlist'!X:X,MATCH($A44,'Strategy Watchlist'!$A:$A,0)),"Not Found")} -> 6.31 | X44: {=IFERROR(INDEX('Strategy Watchlist'!Y:Y,MATCH($A44,'Strategy Watchlist'!$A:$A,0)),"Not Found")} -> 7.91 | Y44: {=IFERROR(INDEX('Strategy Watchlist'!Z:Z,MATCH($A44,'Strategy Watchlist'!$A:$A,0)),"Not Found")} -> https://www.tradingview.com/chart/EjQUtmuc/
A45: =D45&"|"&E45&"|"&F45&"|"&G45 -> |DOGE|MACD|45m | B45: active | C45: =H45/$F$43 -> 0.33333333 | E45: DOGE | F45: MACD | G45: 45m | H45: 12000 | I45: =H45*0.21 -> 2520 | J45: 4900 | K45: 180 | L45: {=IFERROR(INDEX('Strategy Watchlist'!L:L,MATCH($A45,'Strategy Watchlist'!$A:$A,0)),"Not Found")} -> 6.8331771 | M45: {=IFERROR(INDEX('Strategy Watchlist'!M:M,MATCH($A45,'Strategy Watchlist'!$A:$A,0)),"Not Found")} -> 147 | N45: {=IFERROR(INDEX('Strategy Watchlist'!N:N,MATCH($A45,'Strategy Watchlist'!$A:$A,0)),"Not Found")} -> 45662 | O45: {=IFERROR(INDEX('Strategy Watchlist'!P:P,MATCH($A45,'Strategy Watchlist'!$A:$A,0)),"Not Found")} -> -3.88 | P45: {=IFERROR(INDEX('Strategy Watchlist'!Q:Q,MATCH($A45,'Strategy Watchlist'!$A:$A,0)),"Not Found")} -> 5.91 | Q45: {=IFERROR(INDEX('Strategy Watchlist'!R:R,MATCH($A45,'Strategy Watchlist'!$A:$A,0)),"Not Found")} -> -0.08 | R45: {=IFERROR(INDEX('Strategy Watchlist'!S:S,MATCH($A45,'Strategy Watchlist'!$A:$A,0)),"Not Found")} -> 4.72 | S45: {=IFERROR(INDEX('Strategy Watchlist'!T:T,MATCH($A45,'Strategy Watchlist'!$A:$A,0)),"Not Found")} -> 8.93 | T45: {=IFERROR(INDEX('Strategy Watchlist'!U:U,MATCH($A45,'Strategy Watchlist'!$A:$A,0)),"Not Found")} -> 2.69 | U45: {=IFERROR(INDEX('Strategy Watchlist'!V:V,MATCH($A45,'Strategy Watchlist'!$A:$A,0)),"Not Found")} -> 2.04 | V45: {=IFERROR(INDEX('Strategy Watchlist'!W:W,MATCH($A45,'Strategy Watchlist'!$A:$A,0)),"Not Found")} -> 5.31 | W45: {=IFERROR(INDEX('Strategy Watchlist'!X:X,MATCH($A45,'Strategy Watchlist'!$A:$A,0)),"Not Found")} -> 0.72 | X45: {=IFERROR(INDEX('Strategy Watchlist'!Y:Y,MATCH($A45,'Strategy Watchlist'!$A:$A,0)),"Not Found")} -> 3.27 | Y45: {=IFERROR(INDEX('Strategy Watchlist'!Z:Z,MATCH($A45,'Strategy Watchlist'!$A:$A,0)),"Not Found")} -> https://www.tradingview.com/chart/Dvd9vGt5/
A46: =D46&"|"&E46&"|"&F46&"|"&G46 -> [a9aeb4cc]|ETH|McGinley|90m | B46: active | C46: =H46/$F$43 -> 0.41666667 | D46: [a9aeb4cc] | E46: ETH | F46: McGinley | G46: 90m | H46: 15000 | I46: =H46*0.21 -> 3150 | J46: 6030 | K46: 150 | L46: {=IFERROR(INDEX('Strategy Watchlist'!L:L,MATCH($A46,'Strategy Watchlist'!$A:$A,0)),"Not Found")} -> 7.4173228 | M46: {=IFERROR(INDEX('Strategy Watchlist'!M:M,MATCH($A46,'Strategy Watchlist'!$A:$A,0)),"Not Found")} -> 72 | N46: {=IFERROR(INDEX('Strategy Watchlist'!N:N,MATCH($A46,'Strategy Watchlist'!$A:$A,0)),"Not Found")} -> 45772 | O46: {=IFERROR(INDEX('Strategy Watchlist'!P:P,MATCH($A46,'Strategy Watchlist'!$A:$A,0)),"Not Found")} -> -0.43 | P46: {=IFERROR(INDEX('Strategy Watchlist'!Q:Q,MATCH($A46,'Strategy Watchlist'!$A:$A,0)),"Not Found")} -> -0.39 | Q46: {=IFERROR(INDEX('Strategy Watchlist'!R:R,MATCH($A46,'Strategy Watchlist'!$A:$A,0)),"Not Found")} -> 2.45 | R46: {=IFERROR(INDEX('Strategy Watchlist'!S:S,MATCH($A46,'Strategy Watchlist'!$A:$A,0)),"Not Found")} -> -0.24 | S46: {=IFERROR(INDEX('Strategy Watchlist'!T:T,MATCH($A46,'Strategy Watchlist'!$A:$A,0)),"Not Found")} -> 0.53 | T46: {=IFERROR(INDEX('Strategy Watchlist'!U:U,MATCH($A46,'Strategy Watchlist'!$A:$A,0)),"Not Found")} -> 2.38 | U46: {=IFERROR(INDEX('Strategy Watchlist'!V:V,MATCH($A46,'Strategy Watchlist'!$A:$A,0)),"Not Found")} -> 0.94 | V46: {=IFERROR(INDEX('Strategy Watchlist'!W:W,MATCH($A46,'Strategy Watchlist'!$A:$A,0)),"Not Found")} -> 0 | W46: {=IFERROR(INDEX('Strategy Watchlist'!X:X,MATCH($A46,'Strategy Watchlist'!$A:$A,0)),"Not Found")} -> 2.77 | X46: {=IFERROR(INDEX('Strategy Watchlist'!Y:Y,MATCH($A46,'Strategy Watchlist'!$A:$A,0)),"Not Found")} -> -0.13 | Y46: {=IFERROR(INDEX('Strategy Watchlist'!Z:Z,MATCH($A46,'Strategy Watchlist'!$A:$A,0)),"Not Found")} -> https://www.tradingview.com/chart/dPRT8fSK/
A47: =D47&"|"&E47&"|"&F47&"|"&G47 -> [f80d2657]|PePe|JP Trend|30m | B47: active | C47: =H47/$F$43 -> 0.41666667 | D47: [f80d2657] | E47: PePe | F47: JP Trend | G47: 30m | H47: 15000 | I47: =H47*0.21 -> 3150 | J47: 3380 | K47: 150 | L47: {=IFERROR(INDEX('Strategy Watchlist'!L:L,MATCH($A47,'Strategy Watchlist'!$A:$A,0)),"Not Found")} -> 11.341646 | M47: {=IFERROR(INDEX('Strategy Watchlist'!M:M,MATCH($A47,'Strategy Watchlist'!$A:$A,0)),"Not Found")} -> 302 | N47: {=IFERROR(INDEX('Strategy Watchlist'!N:N,MATCH($A47,'Strategy Watchlist'!$A:$A,0)),"Not Found")} -> 45662 | O47: {=IFERROR(INDEX('Strategy Watchlist'!P:P,MATCH($A47,'Strategy Watchlist'!$A:$A,0)),"Not Found")} -> 3.05 | P47: {=IFERROR(INDEX('Strategy Watchlist'!Q:Q,MATCH($A47,'Strategy Watchlist'!$A:$A,0)),"Not Found")} -> 1.52 | Q47: {=IFERROR(INDEX('Strategy Watchlist'!R:R,MATCH($A47,'Strategy Watchlist'!$A:$A,0)),"Not Found")} -> -3.15 | R47: {=IFERROR(INDEX('Strategy Watchlist'!S:S,MATCH($A47,'Strategy Watchlist'!$A:$A,0)),"Not Found")} -> 2.3 | S47: {=IFERROR(INDEX('Strategy Watchlist'!T:T,MATCH($A47,'Strategy Watchlist'!$A:$A,0)),"Not Found")} -> -0.12 | T47: {=IFERROR(INDEX('Strategy Watchlist'!U:U,MATCH($A47,'Strategy Watchlist'!$A:$A,0)),"Not Found")} -> 5.69 | U47: {=IFERROR(INDEX('Strategy Watchlist'!V:V,MATCH($A47,'Strategy Watchlist'!$A:$A,0)),"Not Found")} -> -1.33 | V47: {=IFERROR(INDEX('Strategy Watchlist'!W:W,MATCH($A47,'Strategy Watchlist'!$A:$A,0)),"Not Found")} -> 2.12 | W47: {=IFERROR(INDEX('Strategy Watchlist'!X:X,MATCH($A47,'Strategy Watchlist'!$A:$A,0)),"Not Found")} -> 3.07 | X47: {=IFERROR(INDEX('Strategy Watchlist'!Y:Y,MATCH($A47,'Strategy Watchlist'!$A:$A,0)),"Not Found")} -> 3.75 | Y47: {=IFERROR(INDEX('Strategy Watchlist'!Z:Z,MATCH($A47,'Strategy Watchlist'!$A:$A,0)),"Not Found")} -> https://www.tradingview.com/chart/uNPZ2spK/
A48: =D48&"|"&E48&"|"&F48&"|"&G48 -> |LINK|McGinley|45m | B48: active | C48: =H48/$F$43 -> 0.5 | E48: LINK | F48: McGinley | G48: 45m | H48: 18000 | I48: =H48*0.21 -> 3780 | J48: 4000 | K48: 160 | L48: {=IFERROR(INDEX('Strategy Watchlist'!L:L,MATCH($A48,'Strategy Watchlist'!$A:$A,0)),"Not Found")} -> 7.7349823 | M48: {=IFERROR(INDEX('Strategy Watchlist'!M:M,MATCH($A48,'Strategy Watchlist'!$A:$A,0)),"Not Found")} -> 147 | N48: {=IFERROR(INDEX('Strategy Watchlist'!N:N,MATCH($A48,'Strategy Watchlist'!$A:$A,0)),"Not Found")} -> 45802 | O48: {=IFERROR(INDEX('Strategy Watchlist'!P:P,MATCH($A48,'Strategy Watchlist'!$A:$A,0)),"Not Found")} -> -0.55 | P48: {=IFERROR(INDEX('Strategy Watchlist'!Q:Q,MATCH($A48,'Strategy Watchlist'!$A:$A,0)),"Not Found")} -> -1.1 | Q48: {=IFERROR(INDEX('Strategy Watchlist'!R:R,MATCH($A48,'Strategy Watchlist'!$A:$A,0)),"Not Found")} -> 2.98 | R48: {=IFERROR(INDEX('Strategy Watchlist'!S:S,MATCH($A48,'Strategy Watchlist'!$A:$A,0)),"Not Found")} -> 2.97 | S48: {=IFERROR(INDEX('Strategy Watchlist'!T:T,MATCH($A48,'Strategy Watchlist'!$A:$A,0)),"Not Found")} -> 2.9 | T48: {=IFERROR(INDEX('Strategy Watchlist'!U:U,MATCH($A48,'Strategy Watchlist'!$A:$A,0)),"Not Found")} -> 2 | U48: {=IFERROR(INDEX('Strategy Watchlist'!V:V,MATCH($A48,'Strategy Watchlist'!$A:$A,0)),"Not Found")} -> 2.24 | V48: {=IFERROR(INDEX('Strategy Watchlist'!W:W,MATCH($A48,'Strategy Watchlist'!$A:$A,0)),"Not Found")} -> 0.79 | W48: {=IFERROR(INDEX('Strategy Watchlist'!X:X,MATCH($A48,'Strategy Watchlist'!$A:$A,0)),"Not Found")} -> 0.69 | X48: {=IFERROR(INDEX('Strategy Watchlist'!Y:Y,MATCH($A48,'Strategy Watchlist'!$A:$A,0)),"Not Found")} -> -0.61 | Y48: {=IFERROR(INDEX('Strategy Watchlist'!Z:Z,MATCH($A48,'Strategy Watchlist'!$A:$A,0)),"Not Found")} -> https://www.tradingview.com/chart/elrmSYee/
A49: =D49&"|"&E49&"|"&F49&"|"&G49 -> [e92283ec]|HBAR|Heiken-Ashi|30m | B49: active | C49: =H49/$F$43 -> 0.44444444 | D49: [e92283ec] | E49: HBAR | F49: Heiken-Ashi | G49: 30m | H49: 16000 | I49: =H49*0.21 -> 3360 | J49: 5320 | K49: 180 | L49: {=IFERROR(INDEX('Strategy Watchlist'!L:L,MATCH($A49,'Strategy Watchlist'!$A:$A,0)),"Not Found")} -> 6.7744 | M49: {=IFERROR(INDEX('Strategy Watchlist'!M:M,MATCH($A49,'Strategy Watchlist'!$A:$A,0)),"Not Found")} -> 224 | N49: {=IFERROR(INDEX('Strategy Watchlist'!N:N,MATCH($A49,'Strategy Watchlist'!$A:$A,0)),"Not Found")} -> 45833 | O49: {=IFERROR(INDEX('Strategy Watchlist'!P:P,MATCH($A49,'Strategy Watchlist'!$A:$A,0)),"Not Found")} -> 1.01 | P49: {=IFERROR(INDEX('Strategy Watchlist'!Q:Q,MATCH($A49,'Strategy Watchlist'!$A:$A,0)),"Not Found")} -> -1.15 | Q49: {=IFERROR(INDEX('Strategy Watchlist'!R:R,MATCH($A49,'Strategy Watchlist'!$A:$A,0)),"Not Found")} -> 0.83 | R49: {=IFERROR(INDEX('Strategy Watchlist'!S:S,MATCH($A49,'Strategy Watchlist'!$A:$A,0)),"Not Found")} -> 1.52 | S49: {=IFERROR(INDEX('Strategy Watchlist'!T:T,MATCH($A49,'Strategy Watchlist'!$A:$A,0)),"Not Found")} -> -0.03 | T49: {=IFERROR(INDEX('Strategy Watchlist'!U:U,MATCH($A49,'Strategy Watchlist'!$A:$A,0)),"Not Found")} -> 4.38 | U49: {=IFERROR(INDEX('Strategy Watchlist'!V:V,MATCH($A49,'Strategy Watchlist'!$A:$A,0)),"Not Found")} -> 1.95 | V49: {=IFERROR(INDEX('Strategy Watchlist'!W:W,MATCH($A49,'Strategy Watchlist'!$A:$A,0)),"Not Found")} -> 1.98 | W49: {=IFERROR(INDEX('Strategy Watchlist'!X:X,MATCH($A49,'Strategy Watchlist'!$A:$A,0)),"Not Found")} -> 4.59 | X49: {=IFERROR(INDEX('Strategy Watchlist'!Y:Y,MATCH($A49,'Strategy Watchlist'!$A:$A,0)),"Not Found")} -> -1.3 | Y49: {=IFERROR(INDEX('Strategy Watchlist'!Z:Z,MATCH($A49,'Strategy Watchlist'!$A:$A,0)),"Not Found")} -> https://www.tradingview.com/chart/ygHXwF84/
A50: =D50&"|"&E50&"|"&F50&"|"&G50 -> [65caeaa0]|ROSE|WolfnBear|1H | B50: active | C50: =H50/$F$43 -> 0.55555556 | D50: [65caeaa0] | E50: ROSE | F50: WolfnBear | G50: 1H | H50: 20000 | I50: =H50*0.21 -> 4200 | J50: =I50 -> 4200 | K50: 200 | L50: {=IFERROR(INDEX('Strategy Watchlist'!L:L,MATCH($A50,'Strategy Watchlist'!$A:$A,0)),"Not Found")} -> 9.1257485 | M50: {=IFERROR(INDEX('Strategy Watchlist'!M:M,MATCH($A50,'Strategy Watchlist'!$A:$A,0)),"Not Found")} -> 172 | N50: {=IFERROR(INDEX('Strategy Watchlist'!N:N,MATCH($A50,'Strategy Watchlist'!$A:$A,0)),"Not Found")} -> 45682 | O50: {=IFERROR(INDEX('Strategy Watchlist'!P:P,MATCH($A50,'Strategy Watchlist'!$A:$A,0)),"Not Found")} -> 1.04 | P50: {=IFERROR(INDEX('Strategy Watchlist'!Q:Q,MATCH($A50,'Strategy Watchlist'!$A:$A,0)),"Not Found")} -> 2.39 | Q50: {=IFERROR(INDEX('Strategy Watchlist'!R:R,MATCH($A50,'Strategy Watchlist'!$A:$A,0)),"Not Found")} -> 0.38 | R50: {=IFERROR(INDEX('Strategy Watchlist'!S:S,MATCH($A50,'Strategy Watchlist'!$A:$A,0)),"Not Found")} -> 1.76 | S50: {=IFERROR(INDEX('Strategy Watchlist'!T:T,MATCH($A50,'Strategy Watchlist'!$A:$A,0)),"Not Found")} -> 0.72 | T50: {=IFERROR(INDEX('Strategy Watchlist'!U:U,MATCH($A50,'Strategy Watchlist'!$A:$A,0)),"Not Found")} -> -0.84 | U50: {=IFERROR(INDEX('Strategy Watchlist'!V:V,MATCH($A50,'Strategy Watchlist'!$A:$A,0)),"Not Found")} -> -0.24 | V50: {=IFERROR(INDEX('Strategy Watchlist'!W:W,MATCH($A50,'Strategy Watchlist'!$A:$A,0)),"Not Found")} -> -1.19 | W50: {=IFERROR(INDEX('Strategy Watchlist'!X:X,MATCH($A50,'Strategy Watchlist'!$A:$A,0)),"Not Found")} -> 0.18 | X50: {=IFERROR(INDEX('Strategy Watchlist'!Y:Y,MATCH($A50,'Strategy Watchlist'!$A:$A,0)),"Not Found")} -> 2.34 | Y50: {=IFERROR(INDEX('Strategy Watchlist'!Z:Z,MATCH($A50,'Strategy Watchlist'!$A:$A,0)),"Not Found")} -> https://www.tradingview.com/chart/p2Bvj1LX/
A51: =D51&"|"&E51&"|"&F51&"|"&G51 -> |APE|precisionTrend|30m | B51: active | C51: =H51/$F$43 -> 0.44444444 | E51: APE | F51: precisionTrend | G51: 30m | H51: 16000 | I51: =H51*0.21 -> 3360 | J51: 660 | K51: 130 | L51: {=IFERROR(INDEX('Strategy Watchlist'!L:L,MATCH($A51,'Strategy Watchlist'!$A:$A,0)),"Not Found")} -> 4.1660424 | M51: {=IFERROR(INDEX('Strategy Watchlist'!M:M,MATCH($A51,'Strategy Watchlist'!$A:$A,0)),"Not Found")} -> 278 | N51: {=IFERROR(INDEX('Strategy Watchlist'!N:N,MATCH($A51,'Strategy Watchlist'!$A:$A,0)),"Not Found")} -> 45778 | O51: {=IFERROR(INDEX('Strategy Watchlist'!P:P,MATCH($A51,'Strategy Watchlist'!$A:$A,0)),"Not Found")} -> -0.99 | P51: {=IFERROR(INDEX('Strategy Watchlist'!Q:Q,MATCH($A51,'Strategy Watchlist'!$A:$A,0)),"Not Found")} -> 3 | Q51: {=IFERROR(INDEX('Strategy Watchlist'!R:R,MATCH($A51,'Strategy Watchlist'!$A:$A,0)),"Not Found")} -> 1.66 | R51: {=IFERROR(INDEX('Strategy Watchlist'!S:S,MATCH($A51,'Strategy Watchlist'!$A:$A,0)),"Not Found")} -> -2.79 | S51: {=IFERROR(INDEX('Strategy Watchlist'!T:T,MATCH($A51,'Strategy Watchlist'!$A:$A,0)),"Not Found")} -> 0.63 | T51: {=IFERROR(INDEX('Strategy Watchlist'!U:U,MATCH($A51,'Strategy Watchlist'!$A:$A,0)),"Not Found")} -> 6.17 | U51: {=IFERROR(INDEX('Strategy Watchlist'!V:V,MATCH($A51,'Strategy Watchlist'!$A:$A,0)),"Not Found")} -> 3.56 | V51: {=IFERROR(INDEX('Strategy Watchlist'!W:W,MATCH($A51,'Strategy Watchlist'!$A:$A,0)),"Not Found")} -> 0.87 | W51: {=IFERROR(INDEX('Strategy Watchlist'!X:X,MATCH($A51,'Strategy Watchlist'!$A:$A,0)),"Not Found")} -> 1.73 | X51: {=IFERROR(INDEX('Strategy Watchlist'!Y:Y,MATCH($A51,'Strategy Watchlist'!$A:$A,0)),"Not Found")} -> 3.54 | Y51: {=IFERROR(INDEX('Strategy Watchlist'!Z:Z,MATCH($A51,'Strategy Watchlist'!$A:$A,0)),"Not Found")} -> https://www.tradingview.com/chart/oDhEAePi/
A52: =D52&"|"&E52&"|"&F52&"|"&G52 -> [3111f1fd]|NEAR|Stiff Surge|1H | B52: active | C52: =H52/$F$43 -> 0.41666667 | D52: [3111f1fd] | E52: NEAR | F52: Stiff Surge | G52: 1H | H52: 15000 | I52: =H52*0.21 -> 3150 | J52: 774.82 | K52: 150 | L52: {=IFERROR(INDEX('Strategy Watchlist'!L:L,MATCH($A52,'Strategy Watchlist'!$A:$A,0)),"Not Found")} -> 3.1660517 | M52: {=IFERROR(INDEX('Strategy Watchlist'!M:M,MATCH($A52,'Strategy Watchlist'!$A:$A,0)),"Not Found")} -> 237 | N52: {=IFERROR(INDEX('Strategy Watchlist'!N:N,MATCH($A52,'Strategy Watchlist'!$A:$A,0)),"Not Found")} -> 45717 | O52: {=IFERROR(INDEX('Strategy Watchlist'!P:P,MATCH($A52,'Strategy Watchlist'!$A:$A,0)),"Not Found")} -> -1.39 | P52: {=IFERROR(INDEX('Strategy Watchlist'!Q:Q,MATCH($A52,'Strategy Watchlist'!$A:$A,0)),"Not Found")} -> 0.56 | Q52: {=IFERROR(INDEX('Strategy Watchlist'!R:R,MATCH($A52,'Strategy Watchlist'!$A:$A,0)),"Not Found")} -> -0.43 | R52: {=IFERROR(INDEX('Strategy Watchlist'!S:S,MATCH($A52,'Strategy Watchlist'!$A:$A,0)),"Not Found")} -> -0.45 | S52: {=IFERROR(INDEX('Strategy Watchlist'!T:T,MATCH($A52,'Strategy Watchlist'!$A:$A,0)),"Not Found")} -> 4.99 | T52: {=IFERROR(INDEX('Strategy Watchlist'!U:U,MATCH($A52,'Strategy Watchlist'!$A:$A,0)),"Not Found")} -> 4.37 | U52: {=IFERROR(INDEX('Strategy Watchlist'!V:V,MATCH($A52,'Strategy Watchlist'!$A:$A,0)),"Not Found")} -> -1.47 | V52: {=IFERROR(INDEX('Strategy Watchlist'!W:W,MATCH($A52,'Strategy Watchlist'!$A:$A,0)),"Not Found")} -> 1.85 | W52: {=IFERROR(INDEX('Strategy Watchlist'!X:X,MATCH($A52,'Strategy Watchlist'!$A:$A,0)),"Not Found")} -> -0.11 | X52: {=IFERROR(INDEX('Strategy Watchlist'!Y:Y,MATCH($A52,'Strategy Watchlist'!$A:$A,0)),"Not Found")} -> 1.53 | Y52: {=IFERROR(INDEX('Strategy Watchlist'!Z:Z,MATCH($A52,'Strategy Watchlist'!$A:$A,0)),"Not Found")} -> https://www.tradingview.com/chart/Q9MeKvVC/
A53: =D53&"|"&E53&"|"&F53&"|"&G53 -> [b39d1d6e]|PIXEL|WolfnBear|1H | B53: active | C53: =H53/$F$43 -> 0.41666667 | D53: [b39d1d6e] | E53: PIXEL | F53: WolfnBear | G53: 1H | H53: 15000 | I53: =H53*0.21 -> 3150 | J53: =I53 -> 3150 | K53: 120 | L53: {=IFERROR(INDEX('Strategy Watchlist'!L:L,MATCH($A53,'Strategy Watchlist'!$A:$A,0)),"Not Found")} -> 6.7377399 | M53: {=IFERROR(INDEX('Strategy Watchlist'!M:M,MATCH($A53,'Strategy Watchlist'!$A:$A,0)),"Not Found")} -> 124 | N53: {=IFERROR(INDEX('Strategy Watchlist'!N:N,MATCH($A53,'Strategy Watchlist'!$A:$A,0)),"Not Found")} -> 45833 | O53: {=IFERROR(INDEX('Strategy Watchlist'!P:P,MATCH($A53,'Strategy Watchlist'!$A:$A,0)),"Not Found")} -> 1.78 | P53: {=IFERROR(INDEX('Strategy Watchlist'!Q:Q,MATCH($A53,'Strategy Watchlist'!$A:$A,0)),"Not Found")} -> -0.58 | Q53: {=IFERROR(INDEX('Strategy Watchlist'!R:R,MATCH($A53,'Strategy Watchlist'!$A:$A,0)),"Not Found")} -> 2.67 | R53: {=IFERROR(INDEX('Strategy Watchlist'!S:S,MATCH($A53,'Strategy Watchlist'!$A:$A,0)),"Not Found")} -> 4.07 | S53: {=IFERROR(INDEX('Strategy Watchlist'!T:T,MATCH($A53,'Strategy Watchlist'!$A:$A,0)),"Not Found")} -> 2.3 | T53: {=IFERROR(INDEX('Strategy Watchlist'!U:U,MATCH($A53,'Strategy Watchlist'!$A:$A,0)),"Not Found")} -> 1.05 | U53: {=IFERROR(INDEX('Strategy Watchlist'!V:V,MATCH($A53,'Strategy Watchlist'!$A:$A,0)),"Not Found")} -> -1.13 | V53: {=IFERROR(INDEX('Strategy Watchlist'!W:W,MATCH($A53,'Strategy Watchlist'!$A:$A,0)),"Not Found")} -> 0.64 | W53: {=IFERROR(INDEX('Strategy Watchlist'!X:X,MATCH($A53,'Strategy Watchlist'!$A:$A,0)),"Not Found")} -> -0.53 | X53: {=IFERROR(INDEX('Strategy Watchlist'!Y:Y,MATCH($A53,'Strategy Watchlist'!$A:$A,0)),"Not Found")} -> -0.16 | Y53: {=IFERROR(INDEX('Strategy Watchlist'!Z:Z,MATCH($A53,'Strategy Watchlist'!$A:$A,0)),"Not Found")} -> https://www.tradingview.com/chart/7HMGQSsJ/ | AU53: toWatch | AV53: d | AW53: PIXEL | AX53: WolfnBear | AY53: 8.125 | AZ53: 124 | BA53: 1H | BB53: 45833 | BC53: -0.09 | BD53: 2.89 | BE53: 4.46 | BF53: 2.52 | BG53: 1.25 | BH53: -1.13 | BI53: 0.64 | BJ53: -0.53 | BK53: -0.16 | BL53: [b39d1d6e] | BM53: https://daviddtech.com/strategy/reid-wolfbearv5-pixelusdt-1h-14-01-2025-copy/
A54: =D54&"|"&E54&"|"&F54&"|"&G54 -> [1e052093]|SOL|FlashProfit|59m | B54: active | C54: =H54/$F$43 -> 0.44444444 | D54: [1e052093] | E54: SOL | F54: FlashProfit | G54: 59m | H54: 16000 | I54: =H54*0.21 -> 3360 | J54: 800 | K54: 160 | L54: {=IFERROR(INDEX('Strategy Watchlist'!L:L,MATCH($A54,'Strategy Watchlist'!$A:$A,0)),"Not Found")} -> 4.1988506 | M54: {=IFERROR(INDEX('Strategy Watchlist'!M:M,MATCH($A54,'Strategy Watchlist'!$A:$A,0)),"Not Found")} -> 567 | N54: {=IFERROR(INDEX('Strategy Watchlist'!N:N,MATCH($A54,'Strategy Watchlist'!$A:$A,0)),"Not Found")} -> 45925 | O54: {=IFERROR(INDEX('Strategy Watchlist'!P:P,MATCH($A54,'Strategy Watchlist'!$A:$A,0)),"Not Found")} -> 0.82 | P54: {=IFERROR(INDEX('Strategy Watchlist'!Q:Q,MATCH($A54,'Strategy Watchlist'!$A:$A,0)),"Not Found")} -> 6.44 | Q54: {=IFERROR(INDEX('Strategy Watchlist'!R:R,MATCH($A54,'Strategy Watchlist'!$A:$A,0)),"Not Found")} -> 4.43 | R54: {=IFERROR(INDEX('Strategy Watchlist'!S:S,MATCH($A54,'Strategy Watchlist'!$A:$A,0)),"Not Found")} -> -0.32 | S54: {=IFERROR(INDEX('Strategy Watchlist'!T:T,MATCH($A54,'Strategy Watchlist'!$A:$A,0)),"Not Found")} -> 0.78 | T54: {=IFERROR(INDEX('Strategy Watchlist'!U:U,MATCH($A54,'Strategy Watchlist'!$A:$A,0)),"Not Found")} -> 2.03 | U54: {=IFERROR(INDEX('Strategy Watchlist'!V:V,MATCH($A54,'Strategy Watchlist'!$A:$A,0)),"Not Found")} -> 0.72 | V54: {=IFERROR(INDEX('Strategy Watchlist'!W:W,MATCH($A54,'Strategy Watchlist'!$A:$A,0)),"Not Found")} -> 2.39 | W54: {=IFERROR(INDEX('Strategy Watchlist'!X:X,MATCH($A54,'Strategy Watchlist'!$A:$A,0)),"Not Found")} -> 1.96 | X54: {=IFERROR(INDEX('Strategy Watchlist'!Y:Y,MATCH($A54,'Strategy Watchlist'!$A:$A,0)),"Not Found")} -> 0.45 | Y54: {=IFERROR(INDEX('Strategy Watchlist'!Z:Z,MATCH($A54,'Strategy Watchlist'!$A:$A,0)),"Not Found")} -> https://www.tradingview.com/chart/mnGjsgoY/
A55: =D55&"|"&E55&"|"&F55&"|"&G55 -> [8a00ecfa]|ADA|JpTrendForce|1H | B55: active | C55: =H55/$F$43 -> 0.41666667 | D55: [8a00ecfa] | E55: ADA | F55: JpTrendForce | G55: 1H | H55: 15000 | I55: =H55*0.21 -> 3150 | J55: =I55 -> 3150 | K55: 300 | L55: =38.28/5.19 -> 7.3757225 | M55: 160 | N55: 45682 | O55: {=IFERROR(INDEX('Strategy Watchlist'!P:P,MATCH($A55,'Strategy Watchlist'!$A:$A,0)),"Not Found")} -> 3.77 | P55: -1.61 | Q55: 1.35 | R55: 2.58 | S55: 3.16 | T55: 1.52 | U55: -1.1 | V55: -1.24 | W55: 0 | X55: 0 | Y55: https://daviddtech.com/strategy/gentlesir-jptrendforce-adausdt-1h-15-10-2024-copy/ | AU55: =AX55&"|"&AY55&"|"&AZ55&"|"&BA55 -> [8a00ecfa]|ADA|JpTrendForce|1H | AV55: toWatch | AX55: [8a00ecfa] | AY55: ADA | AZ55: JpTrendForce | BA55: 1H | BF55: =38.28/5.19 -> 7.3757225 | BG55: 160 | BH55: 45682 | BI55: 3.77 | BJ55: -1.61 | BK55: 1.35 | BL55: 2.58 | BM55: 3.16 | BN55: 1.52 | BO55: -1.1 | BP55: -1.24 | BQ55: 0 | BR55: 0 | BS55: https://daviddtech.com/strategy/gentlesir-jptrendforce-adausdt-1h-15-10-2024-copy/
A56: =D56&"|"&E56&"|"&F56&"|"&G56 -> [fbf06b43]|MNT|Trendhoo|37m | B56: active | C56: =H56/$F$43 -> 0.41666667 | D56: [fbf06b43] | E56: MNT | F56: Trendhoo | G56: 37m | H56: 15000 | I56: =H56*0.21 -> 3150 | J56: =I56 -> 3150 | K56: 240 | L56: =106.85/16.15 -> 6.6160991 | M56: 846 | N56: 45863 | O56: {=IFERROR(INDEX('Strategy Watchlist'!P:P,MATCH($A56,'Strategy Watchlist'!$A:$A,0)),"Not Found")} -> 2.49 | P56: 6.22 | Q56: 2.4 | R56: 14.95 | S56: -0.75 | T56: 2.18 | U56: -6.96 | V56: -0.73 | W56: -1.92 | X56: 6.73 | Y56: https://daviddtech.com/strategy/creedomrings-trendhoo-mntusdt-37m-06-08-copy/ | AU56: =AX56&"|"&AY56&"|"&AZ56&"|"&BA56 -> [fbf06b43]|MNT|Trendhoo|37m | AV56: active | AW56: 0.2 | AX56: [fbf06b43] | AY56: MNT | AZ56: Trendhoo | BA56: 37m | BF56: =106.85/16.15 -> 6.6160991 | BG56: 846 | BH56: 45863 | BI56: 2.49 | BJ56: 6.22 | BK56: 2.4 | BL56: 14.95 | BM56: -0.75 | BN56: 2.18 | BO56: -6.96 | BP56: -0.73 | BQ56: -1.92 | BR56: 6.73 | BS56: https://daviddtech.com/strategy/creedomrings-trendhoo-mntusdt-37m-06-08-copy/
A57: =D57&"|"&E57&"|"&F57&"|"&G57 -> |25000|36000| | B57: Dexigner 2 7x | E57: 25000 | F57: 36000
A58: =D58&"|"&E58&"|"&F58&"|"&G58 -> [fa32aee4]|LINK|McGinley|45m | B58: active | C58: =H58/$F$57 -> 0.41666667 | D58: [fa32aee4] | E58: LINK | F58: McGinley | G58: 45m | H58: 15000 | I58: =H58*0.21 -> 3150 | J58: 3800 | K58: 160 | L58: {=IFERROR(INDEX('Strategy Watchlist'!L:L,MATCH($A58,'Strategy Watchlist'!$A:$A,0)),"Not Found")} -> 16.683761 | M58: {=IFERROR(INDEX('Strategy Watchlist'!M:M,MATCH($A58,'Strategy Watchlist'!$A:$A,0)),"Not Found")} -> 176 | N58: {=IFERROR(INDEX('Strategy Watchlist'!N:N,MATCH($A58,'Strategy Watchlist'!$A:$A,0)),"Not Found")} -> 45833 | O58: {=IFERROR(INDEX('Strategy Watchlist'!P:P,MATCH($A58,'Strategy Watchlist'!$A:$A,0)),"Not Found")} -> -2.02 | P58: {=IFERROR(INDEX('Strategy Watchlist'!Q:Q,MATCH($A58,'Strategy Watchlist'!$A:$A,0)),"Not Found")} -> 0.36 | Q58: {=IFERROR(INDEX('Strategy Watchlist'!R:R,MATCH($A58,'Strategy Watchlist'!$A:$A,0)),"Not Found")} -> 7 | R58: {=IFERROR(INDEX('Strategy Watchlist'!S:S,MATCH($A58,'Strategy Watchlist'!$A:$A,0)),"Not Found")} -> 3.76 | S58: {=IFERROR(INDEX('Strategy Watchlist'!T:T,MATCH($A58,'Strategy Watchlist'!$A:$A,0)),"Not Found")} -> 2.22 | T58: {=IFERROR(INDEX('Strategy Watchlist'!U:U,MATCH($A58,'Strategy Watchlist'!$A:$A,0)),"Not Found")} -> 6.68 | U58: {=IFERROR(INDEX('Strategy Watchlist'!V:V,MATCH($A58,'Strategy Watchlist'!$A:$A,0)),"Not Found")} -> -0.14 | V58: {=IFERROR(INDEX('Strategy Watchlist'!W:W,MATCH($A58,'Strategy Watchlist'!$A:$A,0)),"Not Found")} -> 5.22 | W58: {=IFERROR(INDEX('Strategy Watchlist'!X:X,MATCH($A58,'Strategy Watchlist'!$A:$A,0)),"Not Found")} -> 0 | X58: {=IFERROR(INDEX('Strategy Watchlist'!Y:Y,MATCH($A58,'Strategy Watchlist'!$A:$A,0)),"Not Found")} -> 0.13 | Y58: {=IFERROR(INDEX('Strategy Watchlist'!Z:Z,MATCH($A58,'Strategy Watchlist'!$A:$A,0)),"Not Found")} -> https://www.tradingview.com/chart/CTC73Olh/
A59: =D59&"|"&E59&"|"&F59&"|"&G59 -> |PePe|T3 Nexus|30m | B59: active | C59: =H59/$F$57 -> 0.27777778 | E59: PePe | F59: T3 Nexus | G59: 30m | H59: 10000 | I59: =H59*0.21 -> 2100 | J59: 460 | K59: 160 | L59: {=IFERROR(INDEX('Strategy Watchlist'!L:L,MATCH($A59,'Strategy Watchlist'!$A:$A,0)),"Not Found")} -> 0.82275229 | M59: {=IFERROR(INDEX('Strategy Watchlist'!M:M,MATCH($A59,'Strategy Watchlist'!$A:$A,0)),"Not Found")} -> 748 | N59: {=IFERROR(INDEX('Strategy Watchlist'!N:N,MATCH($A59,'Strategy Watchlist'!$A:$A,0)),"Not Found")} -> 45662 | O59: {=IFERROR(INDEX('Strategy Watchlist'!P:P,MATCH($A59,'Strategy Watchlist'!$A:$A,0)),"Not Found")} -> -8.96 | P59: {=IFERROR(INDEX('Strategy Watchlist'!Q:Q,MATCH($A59,'Strategy Watchlist'!$A:$A,0)),"Not Found")} -> -0.19 | Q59: {=IFERROR(INDEX('Strategy Watchlist'!R:R,MATCH($A59,'Strategy Watchlist'!$A:$A,0)),"Not Found")} -> 6.1 | R59: {=IFERROR(INDEX('Strategy Watchlist'!S:S,MATCH($A59,'Strategy Watchlist'!$A:$A,0)),"Not Found")} -> 3.29 | S59: {=IFERROR(INDEX('Strategy Watchlist'!T:T,MATCH($A59,'Strategy Watchlist'!$A:$A,0)),"Not Found")} -> 1.47 | T59: {=IFERROR(INDEX('Strategy Watchlist'!U:U,MATCH($A59,'Strategy Watchlist'!$A:$A,0)),"Not Found")} -> 6.2 | U59: {=IFERROR(INDEX('Strategy Watchlist'!V:V,MATCH($A59,'Strategy Watchlist'!$A:$A,0)),"Not Found")} -> -4.5 | V59: {=IFERROR(INDEX('Strategy Watchlist'!W:W,MATCH($A59,'Strategy Watchlist'!$A:$A,0)),"Not Found")} -> 4.74 | W59: {=IFERROR(INDEX('Strategy Watchlist'!X:X,MATCH($A59,'Strategy Watchlist'!$A:$A,0)),"Not Found")} -> 1.16 | X59: {=IFERROR(INDEX('Strategy Watchlist'!Y:Y,MATCH($A59,'Strategy Watchlist'!$A:$A,0)),"Not Found")} -> 7.62 | Y59: {=IFERROR(INDEX('Strategy Watchlist'!Z:Z,MATCH($A59,'Strategy Watchlist'!$A:$A,0)),"Not Found")} -> https://www.tradingview.com/chart/Kj5ZGHdw/
A60: =D60&"|"&E60&"|"&F60&"|"&G60 -> [0c4624b7]|SOL|volVangard|30m | B60: active | C60: =H60/$F$57 -> 0.41666667 | D60: [0c4624b7] | E60: SOL | F60: volVangard | G60: 30m | H60: 15000 | I60: =H60*0.21 -> 3150 | J60: 2500 | K60: 200 | L60: {=IFERROR(INDEX('Strategy Watchlist'!L:L,MATCH($A60,'Strategy Watchlist'!$A:$A,0)),"Not Found")} -> 9.5332198 | M60: {=IFERROR(INDEX('Strategy Watchlist'!M:M,MATCH($A60,'Strategy Watchlist'!$A:$A,0)),"Not Found")} -> 118 | N60: {=IFERROR(INDEX('Strategy Watchlist'!N:N,MATCH($A60,'Strategy Watchlist'!$A:$A,0)),"Not Found")} -> 45772 | O60: {=IFERROR(INDEX('Strategy Watchlist'!P:P,MATCH($A60,'Strategy Watchlist'!$A:$A,0)),"Not Found")} -> -0.99 | P60: {=IFERROR(INDEX('Strategy Watchlist'!Q:Q,MATCH($A60,'Strategy Watchlist'!$A:$A,0)),"Not Found")} -> 4.09 | Q60: {=IFERROR(INDEX('Strategy Watchlist'!R:R,MATCH($A60,'Strategy Watchlist'!$A:$A,0)),"Not Found")} -> 0.37 | R60: {=IFERROR(INDEX('Strategy Watchlist'!S:S,MATCH($A60,'Strategy Watchlist'!$A:$A,0)),"Not Found")} -> -3.58 | S60: {=IFERROR(INDEX('Strategy Watchlist'!T:T,MATCH($A60,'Strategy Watchlist'!$A:$A,0)),"Not Found")} -> 6.51 | T60: {=IFERROR(INDEX('Strategy Watchlist'!U:U,MATCH($A60,'Strategy Watchlist'!$A:$A,0)),"Not Found")} -> -0.43 | U60: {=IFERROR(INDEX('Strategy Watchlist'!V:V,MATCH($A60,'Strategy Watchlist'!$A:$A,0)),"Not Found")} -> 5.78 | V60: {=IFERROR(INDEX('Strategy Watchlist'!W:W,MATCH($A60,'Strategy Watchlist'!$A:$A,0)),"Not Found")} -> -0.64 | W60: {=IFERROR(INDEX('Strategy Watchlist'!X:X,MATCH($A60,'Strategy Watchlist'!$A:$A,0)),"Not Found")} -> 1.32 | X60: {=IFERROR(INDEX('Strategy Watchlist'!Y:Y,MATCH($A60,'Strategy Watchlist'!$A:$A,0)),"Not Found")} -> 0.33 | Y60: {=IFERROR(INDEX('Strategy Watchlist'!Z:Z,MATCH($A60,'Strategy Watchlist'!$A:$A,0)),"Not Found")} -> https://www.tradingview.com/chart/tJDJVri5/
A61: =D61&"|"&E61&"|"&F61&"|"&G61 -> [6dcd4dc9]|ETH|precisionTrend|30m | B61: active | C61: =H61/$F$57 -> 0.5 | D61: [6dcd4dc9] | E61: ETH | F61: precisionTrend | G61: 30m | H61: 18000 | I61: =H61*0.21 -> 3780 | J61: =I61 -> 3780 | K61: 190 | L61: {=IFERROR(INDEX('Strategy Watchlist'!L:L,MATCH($A61,'Strategy Watchlist'!$A:$A,0)),"Not Found")} -> 9.211236 | M61: {=IFERROR(INDEX('Strategy Watchlist'!M:M,MATCH($A61,'Strategy Watchlist'!$A:$A,0)),"Not Found")} -> 312 | N61: {=IFERROR(INDEX('Strategy Watchlist'!N:N,MATCH($A61,'Strategy Watchlist'!$A:$A,0)),"Not Found")} -> 45772 | O61: {=IFERROR(INDEX('Strategy Watchlist'!P:P,MATCH($A61,'Strategy Watchlist'!$A:$A,0)),"Not Found")} -> 1.07 | P61: {=IFERROR(INDEX('Strategy Watchlist'!Q:Q,MATCH($A61,'Strategy Watchlist'!$A:$A,0)),"Not Found")} -> -2.52 | Q61: {=IFERROR(INDEX('Strategy Watchlist'!R:R,MATCH($A61,'Strategy Watchlist'!$A:$A,0)),"Not Found")} -> 1.84 | R61: {=IFERROR(INDEX('Strategy Watchlist'!S:S,MATCH($A61,'Strategy Watchlist'!$A:$A,0)),"Not Found")} -> 3.9 | S61: {=IFERROR(INDEX('Strategy Watchlist'!T:T,MATCH($A61,'Strategy Watchlist'!$A:$A,0)),"Not Found")} -> 1.37 | T61: {=IFERROR(INDEX('Strategy Watchlist'!U:U,MATCH($A61,'Strategy Watchlist'!$A:$A,0)),"Not Found")} -> 6.22 | U61: {=IFERROR(INDEX('Strategy Watchlist'!V:V,MATCH($A61,'Strategy Watchlist'!$A:$A,0)),"Not Found")} -> 3 | V61: {=IFERROR(INDEX('Strategy Watchlist'!W:W,MATCH($A61,'Strategy Watchlist'!$A:$A,0)),"Not Found")} -> 3.99 | W61: {=IFERROR(INDEX('Strategy Watchlist'!X:X,MATCH($A61,'Strategy Watchlist'!$A:$A,0)),"Not Found")} -> 0.93 | X61: {=IFERROR(INDEX('Strategy Watchlist'!Y:Y,MATCH($A61,'Strategy Watchlist'!$A:$A,0)),"Not Found")} -> 2.21 | Y61: {=IFERROR(INDEX('Strategy Watchlist'!Z:Z,MATCH($A61,'Strategy Watchlist'!$A:$A,0)),"Not Found")} -> https://www.tradingview.com/chart/YxD2lfI2/
A62: =D62&"|"&E62&"|"&F62&"|"&G62 -> 17.12.2024|ARB|Heiken-Ashi|45m | B62: active | C62: =H62/$F$57 -> 0.33333333 | D62: 17.12.2024 | E62: ARB | F62: Heiken-Ashi | G62: 45m | H62: 12000 | I62: =H62*0.21 -> 2520 | J62: 2520 | K62: 100 | L62: {=IFERROR(INDEX('Strategy Watchlist'!L:L,MATCH($A62,'Strategy Watchlist'!$A:$A,0)),"Not Found")} -> 12.102857 | M62: {=IFERROR(INDEX('Strategy Watchlist'!M:M,MATCH($A62,'Strategy Watchlist'!$A:$A,0)),"Not Found")} -> 294 | N62: {=IFERROR(INDEX('Strategy Watchlist'!N:N,MATCH($A62,'Strategy Watchlist'!$A:$A,0)),"Not Found")} -> 45772 | O62: {=IFERROR(INDEX('Strategy Watchlist'!P:P,MATCH($A62,'Strategy Watchlist'!$A:$A,0)),"Not Found")} -> -0.88 | P62: {=IFERROR(INDEX('Strategy Watchlist'!Q:Q,MATCH($A62,'Strategy Watchlist'!$A:$A,0)),"Not Found")} -> 0.46 | Q62: {=IFERROR(INDEX('Strategy Watchlist'!R:R,MATCH($A62,'Strategy Watchlist'!$A:$A,0)),"Not Found")} -> -0.54 | R62: {=IFERROR(INDEX('Strategy Watchlist'!S:S,MATCH($A62,'Strategy Watchlist'!$A:$A,0)),"Not Found")} -> 4.43 | S62: {=IFERROR(INDEX('Strategy Watchlist'!T:T,MATCH($A62,'Strategy Watchlist'!$A:$A,0)),"Not Found")} -> -0.26 | T62: {=IFERROR(INDEX('Strategy Watchlist'!U:U,MATCH($A62,'Strategy Watchlist'!$A:$A,0)),"Not Found")} -> 0.04 | U62: {=IFERROR(INDEX('Strategy Watchlist'!V:V,MATCH($A62,'Strategy Watchlist'!$A:$A,0)),"Not Found")} -> 1.27 | V62: {=IFERROR(INDEX('Strategy Watchlist'!W:W,MATCH($A62,'Strategy Watchlist'!$A:$A,0)),"Not Found")} -> 3.69 | W62: {=IFERROR(INDEX('Strategy Watchlist'!X:X,MATCH($A62,'Strategy Watchlist'!$A:$A,0)),"Not Found")} -> -0.27 | X62: {=IFERROR(INDEX('Strategy Watchlist'!Y:Y,MATCH($A62,'Strategy Watchlist'!$A:$A,0)),"Not Found")} -> 3.17 | Y62: {=IFERROR(INDEX('Strategy Watchlist'!Z:Z,MATCH($A62,'Strategy Watchlist'!$A:$A,0)),"Not Found")} -> https://www.tradingview.com/chart/9cT1VRvW/
A63: =D63&"|"&E63&"|"&F63&"|"&G63 -> [4a2ddf14]|AAVE|McGlinley|45m | B63: active | C63: =H63/$F$57 -> 0.41666667 | D63: [4a2ddf14] | E63: AAVE | F63: McGlinley | G63: 45m | H63: 15000 | I63: =H63*0.21 -> 3150 | J63: =I63 -> 3150 | K63: 160 | L63: {=IFERROR(INDEX('Strategy Watchlist'!L:L,MATCH($A63,'Strategy Watchlist'!$A:$A,0)),"Not Found")} -> 2.6694915 | M63: {=IFERROR(INDEX('Strategy Watchlist'!M:M,MATCH($A63,'Strategy Watchlist'!$A:$A,0)),"Not Found")} -> 317 | N63: {=IFERROR(INDEX('Strategy Watchlist'!N:N,MATCH($A63,'Strategy Watchlist'!$A:$A,0)),"Not Found")} -> 45682 | O63: {=IFERROR(INDEX('Strategy Watchlist'!P:P,MATCH($A63,'Strategy Watchlist'!$A:$A,0)),"Not Found")} -> 2.66 | P63: {=IFERROR(INDEX('Strategy Watchlist'!Q:Q,MATCH($A63,'Strategy Watchlist'!$A:$A,0)),"Not Found")} -> -0.85 | Q63: {=IFERROR(INDEX('Strategy Watchlist'!R:R,MATCH($A63,'Strategy Watchlist'!$A:$A,0)),"Not Found")} -> 3.55 | R63: {=IFERROR(INDEX('Strategy Watchlist'!S:S,MATCH($A63,'Strategy Watchlist'!$A:$A,0)),"Not Found")} -> 1.77 | S63: {=IFERROR(INDEX('Strategy Watchlist'!T:T,MATCH($A63,'Strategy Watchlist'!$A:$A,0)),"Not Found")} -> 1.63 | T63: {=IFERROR(INDEX('Strategy Watchlist'!U:U,MATCH($A63,'Strategy Watchlist'!$A:$A,0)),"Not Found")} -> -1.84 | U63: {=IFERROR(INDEX('Strategy Watchlist'!V:V,MATCH($A63,'Strategy Watchlist'!$A:$A,0)),"Not Found")} -> 0.2 | V63: {=IFERROR(INDEX('Strategy Watchlist'!W:W,MATCH($A63,'Strategy Watchlist'!$A:$A,0)),"Not Found")} -> -1.49 | W63: {=IFERROR(INDEX('Strategy Watchlist'!X:X,MATCH($A63,'Strategy Watchlist'!$A:$A,0)),"Not Found")} -> 0 | X63: {=IFERROR(INDEX('Strategy Watchlist'!Y:Y,MATCH($A63,'Strategy Watchlist'!$A:$A,0)),"Not Found")} -> 0.28 | Y63: {=IFERROR(INDEX('Strategy Watchlist'!Z:Z,MATCH($A63,'Strategy Watchlist'!$A:$A,0)),"Not Found")} -> https://www.tradingview.com/chart/Xt8Libni/
A64: =D64&"|"&E64&"|"&F64&"|"&G64 -> [f2b236fa]|OP|glitchTrend|1H | B64: active | C64: =H64/$F$57 -> 0.33333333 | D64: [f2b236fa] | E64: OP | F64: glitchTrend | G64: 1H | H64: 12000 | I64: =H64*0.21 -> 2520 | J64: =I64 -> 2520 | K64: 120 | L64: =57.27/6.84 -> 8.372807 | M64: 409 | N64: 45863 | O64: {=IFERROR(INDEX('Strategy Watchlist'!P:P,MATCH($A64,'Strategy Watchlist'!$A:$A,0)),"Not Found")} -> 2.64 | P64: 0.13 | Q64: 1.69 | R64: 6.07 | S64: -3.19 | T64: 5.27 | U64: 3.43 | V64: 2.02 | W64: 0.08 | X64: 7.85 | Y64: https://daviddtech.com/strategy/hongfei_xx-glitchytrend-opusdt-1h-22-07-2025-copy/ | AU64: =AX64&"|"&AY64&"|"&AZ64&"|"&BA64 -> [f2b236fa]|OP|glitchTrend|1H | AV64: toWatch | AX64: [f2b236fa] | AY64: OP | AZ64: glitchTrend | BA64: 1H | BF64: =57.27/6.84 -> 8.372807 | BG64: 409 | BH64: 45863 | BI64: 0.5 | BJ64: 0.13 | BK64: 1.69 | BL64: 6.07 | BM64: -3.19 | BN64: 5.27 | BO64: 3.43 | BP64: 2.02 | BQ64: 0.08 | BR64: 7.85 | BS64: https://daviddtech.com/strategy/hongfei_xx-glitchytrend-opusdt-1h-22-07-2025-copy/
A65: =D65&"|"&E65&"|"&F65&"|"&G65 -> [da58bf67]|NEAR|Trendhoo|30m | B65: active | C65: =H65/$F$57 -> 0.41666667 | D65: [da58bf67] | E65: NEAR | F65: Trendhoo | G65: 30m | H65: 15000 | I65: =H65*0.21 -> 3150 | J65: 400 | K65: 160 | L65: {=IFERROR(INDEX('Strategy Watchlist'!L:L,MATCH($A65,'Strategy Watchlist'!$A:$A,0)),"Not Found")} -> 5.9785235 | M65: {=IFERROR(INDEX('Strategy Watchlist'!M:M,MATCH($A65,'Strategy Watchlist'!$A:$A,0)),"Not Found")} -> 188 | N65: {=IFERROR(INDEX('Strategy Watchlist'!N:N,MATCH($A65,'Strategy Watchlist'!$A:$A,0)),"Not Found")} -> 45802 | O65: {=IFERROR(INDEX('Strategy Watchlist'!P:P,MATCH($A65,'Strategy Watchlist'!$A:$A,0)),"Not Found")} -> 0.27 | P65: {=IFERROR(INDEX('Strategy Watchlist'!Q:Q,MATCH($A65,'Strategy Watchlist'!$A:$A,0)),"Not Found")} -> 0 | Q65: {=IFERROR(INDEX('Strategy Watchlist'!R:R,MATCH($A65,'Strategy Watchlist'!$A:$A,0)),"Not Found")} -> 4.76 | R65: {=IFERROR(INDEX('Strategy Watchlist'!S:S,MATCH($A65,'Strategy Watchlist'!$A:$A,0)),"Not Found")} -> 1.93 | S65: {=IFERROR(INDEX('Strategy Watchlist'!T:T,MATCH($A65,'Strategy Watchlist'!$A:$A,0)),"Not Found")} -> 1.34 | T65: {=IFERROR(INDEX('Strategy Watchlist'!U:U,MATCH($A65,'Strategy Watchlist'!$A:$A,0)),"Not Found")} -> 2.3 | U65: {=IFERROR(INDEX('Strategy Watchlist'!V:V,MATCH($A65,'Strategy Watchlist'!$A:$A,0)),"Not Found")} -> 0.08 | V65: {=IFERROR(INDEX('Strategy Watchlist'!W:W,MATCH($A65,'Strategy Watchlist'!$A:$A,0)),"Not Found")} -> 1.26 | W65: {=IFERROR(INDEX('Strategy Watchlist'!X:X,MATCH($A65,'Strategy Watchlist'!$A:$A,0)),"Not Found")} -> 1.01 | X65: {=IFERROR(INDEX('Strategy Watchlist'!Y:Y,MATCH($A65,'Strategy Watchlist'!$A:$A,0)),"Not Found")} -> 5.82 | Y65: {=IFERROR(INDEX('Strategy Watchlist'!Z:Z,MATCH($A65,'Strategy Watchlist'!$A:$A,0)),"Not Found")} -> https://www.tradingview.com/chart/CsNPJ40O/ | AU65: toWatch | AW65: NEAR | AX65: Trendhoo | AY65: =44.54/7.45 -> 5.9785235 | AZ65: 188 | BA65: 30m | BB65: 45802 | BC65: -0.16 | BD65: 4.76 | BE65: 1.93 | BF65: 1.34 | BG65: 2.3 | BH65: 0.08 | BI65: 1.26 | BJ65: 1.01 | BK65: 5.82 | BL65: [da58bf67] | BM65: https://daviddtech.com/strategy/fishyink-stiffsurge-nearusdt-1h-03-12-2024-copy/
A66: =D66&"|"&E66&"|"&F66&"|"&G66 -> 5x|25000|36000| | B66: Dexigner 3 | D66: 5x | E66: 25000 | F66: 36000
A67: =D67&"|"&E67&"|"&F67&"|"&G67 -> [0436a8e8]|SOL|Trendhoo|90m | B67: active | C67: =H67/$F$66 -> 0.41666667 | D67: [0436a8e8] | E67: SOL | F67: Trendhoo | G67: 90m | H67: 15000 | I67: =H67*0.21 -> 3150 | J67: =I67 -> 3150 | K67: 120 | L67: {=IFERROR(INDEX('Strategy Watchlist'!L:L,MATCH($A67,'Strategy Watchlist'!$A:$A,0)),"Not Found")} -> 5.0460048 | M67: {=IFERROR(INDEX('Strategy Watchlist'!M:M,MATCH($A67,'Strategy Watchlist'!$A:$A,0)),"Not Found")} -> 327 | N67: {=IFERROR(INDEX('Strategy Watchlist'!N:N,MATCH($A67,'Strategy Watchlist'!$A:$A,0)),"Not Found")} -> 45863 | O67: {=IFERROR(INDEX('Strategy Watchlist'!P:P,MATCH($A67,'Strategy Watchlist'!$A:$A,0)),"Not Found")} -> -0.58 | P67: {=IFERROR(INDEX('Strategy Watchlist'!Q:Q,MATCH($A67,'Strategy Watchlist'!$A:$A,0)),"Not Found")} -> 2.3 | Q67: {=IFERROR(INDEX('Strategy Watchlist'!R:R,MATCH($A67,'Strategy Watchlist'!$A:$A,0)),"Not Found")} -> 0.88 | R67: {=IFERROR(INDEX('Strategy Watchlist'!S:S,MATCH($A67,'Strategy Watchlist'!$A:$A,0)),"Not Found")} -> 0.88 | S67: {=IFERROR(INDEX('Strategy Watchlist'!T:T,MATCH($A67,'Strategy Watchlist'!$A:$A,0)),"Not Found")} -> -0.19 | T67: {=IFERROR(INDEX('Strategy Watchlist'!U:U,MATCH($A67,'Strategy Watchlist'!$A:$A,0)),"Not Found")} -> -0.1 | U67: {=IFERROR(INDEX('Strategy Watchlist'!V:V,MATCH($A67,'Strategy Watchlist'!$A:$A,0)),"Not Found")} -> -0.52 | V67: {=IFERROR(INDEX('Strategy Watchlist'!W:W,MATCH($A67,'Strategy Watchlist'!$A:$A,0)),"Not Found")} -> 1.11 | W67: {=IFERROR(INDEX('Strategy Watchlist'!X:X,MATCH($A67,'Strategy Watchlist'!$A:$A,0)),"Not Found")} -> 2.02 | X67: {=IFERROR(INDEX('Strategy Watchlist'!Y:Y,MATCH($A67,'Strategy Watchlist'!$A:$A,0)),"Not Found")} -> 2.73 | Y67: https://daviddtech.com/strategy/borawx-trendhoov5-solusdt-90m-30-07-copy/ | AU67: =AX67&"|"&AY67&"|"&AZ67&"|"&BA67 -> [0436a8e8]|SOL|Trendhoo|90m | AV67: active | AW67: 0.2 | AX67: [0436a8e8] | AY67: SOL | AZ67: Trendhoo | BA67: 90m | BF67: =20.84/4.13 -> 5.0460048 | BG67: 327 | BH67: 45863 | BI67: 0.72 | BJ67: 1.94 | BK67: 0.74 | BL67: 0.74 | BM67: -0.19 | BN67: -0.1 | BO67: -0.52 | BP67: 1.11 | BQ67: 2.02 | BR67: 2.73 | BS67: https://daviddtech.com/strategy/borawx-trendhoov5-solusdt-90m-30-07-copy/
A68: =D68&"|"&E68&"|"&F68&"|"&G68 -> [1adc9501]|ETH|DeadZone|1H | B68: active | C68: =H68/$F$66 -> 0.41666667 | D68: [1adc9501] | E68: ETH | F68: DeadZone | G68: 1H | H68: 15000 | I68: =H68*0.21 -> 3150 | J68: =I68 -> 3150 | K68: 120 | L68: {=IFERROR(INDEX('Strategy Watchlist'!L:L,MATCH($A68,'Strategy Watchlist'!$A:$A,0)),"Not Found")} -> 8.4111675 | M68: {=IFERROR(INDEX('Strategy Watchlist'!M:M,MATCH($A68,'Strategy Watchlist'!$A:$A,0)),"Not Found")} -> 134 | N68: {=IFERROR(INDEX('Strategy Watchlist'!N:N,MATCH($A68,'Strategy Watchlist'!$A:$A,0)),"Not Found")} -> 45802 | O68: {=IFERROR(INDEX('Strategy Watchlist'!P:P,MATCH($A68,'Strategy Watchlist'!$A:$A,0)),"Not Found")} -> 0.51 | P68: {=IFERROR(INDEX('Strategy Watchlist'!Q:Q,MATCH($A68,'Strategy Watchlist'!$A:$A,0)),"Not Found")} -> 0.63 | Q68: {=IFERROR(INDEX('Strategy Watchlist'!R:R,MATCH($A68,'Strategy Watchlist'!$A:$A,0)),"Not Found")} -> 4.53 | R68: {=IFERROR(INDEX('Strategy Watchlist'!S:S,MATCH($A68,'Strategy Watchlist'!$A:$A,0)),"Not Found")} -> 3.6 | S68: {=IFERROR(INDEX('Strategy Watchlist'!T:T,MATCH($A68,'Strategy Watchlist'!$A:$A,0)),"Not Found")} -> 1.09 | T68: {=IFERROR(INDEX('Strategy Watchlist'!U:U,MATCH($A68,'Strategy Watchlist'!$A:$A,0)),"Not Found")} -> 2.31 | U68: {=IFERROR(INDEX('Strategy Watchlist'!V:V,MATCH($A68,'Strategy Watchlist'!$A:$A,0)),"Not Found")} -> 0.49 | V68: {=IFERROR(INDEX('Strategy Watchlist'!W:W,MATCH($A68,'Strategy Watchlist'!$A:$A,0)),"Not Found")} -> -1.63 | W68: {=IFERROR(INDEX('Strategy Watchlist'!X:X,MATCH($A68,'Strategy Watchlist'!$A:$A,0)),"Not Found")} -> 0.27 | X68: {=IFERROR(INDEX('Strategy Watchlist'!Y:Y,MATCH($A68,'Strategy Watchlist'!$A:$A,0)),"Not Found")} -> 2.35 | Y68: https://daviddtech.com/strategy/borawx-trendhoov5-solusdt-90m-30-07-copy/ | AU68: =AX68&"|"&AY68&"|"&AZ68&"|"&BA68 -> [1adc9501]|ETH|DeadZone|1H | AV68: toWatch | AX68: [1adc9501] | AY68: ETH | AZ68: DeadZone | BA68: 1H | BF68: =33.14/3.94 -> 8.4111675 | BG68: 134 | BH68: 45802 | BI68: 0.9 | BJ68: 0.63 | BK68: 4.53 | BL68: 3.6 | BM68: 1.09 | BN68: 2.31 | BO68: 0.49 | BP68: -1.63 | BQ68: 0.27 | BR68: 2.35 | BS68: https://daviddtech.com/strategy/eth_deadzone_1hr-copy-croc5455/
A69: =D69&"|"&E69&"|"&F69&"|"&G69 -> [04ea3071]|BTC|AI vs Ninja Turtle|76min | B69: active | C69: =H69/$F$66 -> 0.55555556 | D69: [04ea3071] | E69: BTC | F69: AI vs Ninja Turtle | G69: 76min | H69: 20000 | I69: =H69*0.21 -> 4200 | J69: 1000 | K69: 200 | L69: =37.21/4.33 -> 8.5935335 | M69: 78 | N69: 45682 | O69: {=IFERROR(INDEX('Strategy Watchlist'!P:P,MATCH($A69,'Strategy Watchlist'!$A:$A,0)),"Not Found")} -> 1.67 | P69: 0.99 | Q69: -0.22 | R69: 2.83 | S69: -1.36 | T69: 3.58 | U69: -0.43 | V69: 1.13 | W69: 1.58 | X69: 3.31 | Y69: https://daviddtech.com/strategy/igorek-aivsnn-btcusdt-76m-22-10-2024-copy/ | AU69: =AX69&"|"&AY69&"|"&AZ69&"|"&BA69 -> [04ea3071]|BTC|AI vs Ninja Turtle|76min | AV69: active | AX69: [04ea3071] | AY69: BTC | AZ69: AI vs Ninja Turtle | BA69: 76min | BF69: =37.21/4.33 -> 8.5935335 | BG69: 78 | BH69: 45682 | BI69: 0.99 | BJ69: -0.22 | BK69: 2.83 | BL69: -1.36 | BM69: 3.58 | BN69: -0.43 | BO69: 1.13 | BP69: 1.58 | BQ69: 3.31 | BR69: https://daviddtech.com/strategy/igorek-aivsnn-btcusdt-76m-22-10-2024-copy/
A71: =D71&"|"&E71&"|"&F71&"|"&G71 -> 5x|BTC|DCA|30m | B71: active | D71: 5x | E71: BTC | F71: DCA | G71: 30m | H71: 1333 | I71: 5 | J71: =H71*I71 -> 6665
A80: =D80&"|"&E80&"|"&F80&"|"&G80 -> ||| | L80: {=IFERROR(INDEX('Strategy Watchlist'!L:L,MATCH($A80,'Strategy Watchlist'!$A:$A,0)),"Not Found")} -> 0
A81: =D81&"|"&E81&"|"&F81&"|"&G81 -> 7x|95000|100000| | B81: Main 1 | D81: 7x | E81: 95000 | F81: 100000
A82: =D82&"|"&E82&"|"&F82&"|"&G82 -> [3111f1fd]|NEAR|Stiff Surge|1H | B82: active | C82: =H82/$F$81 -> 0.2 | D82: [3111f1fd] | E82: NEAR | F82: Stiff Surge | G82: 1H | H82: 20000 | I82: =H82*0.21 -> 4200 | J82: =380*2.039 -> 774.82 | K82: 200 | L82: {=IFERROR(INDEX('Strategy Watchlist'!L:L,MATCH($A82,'Strategy Watchlist'!$A:$A,0)),"Not Found")} -> 3.1660517 | M82: {=IFERROR(INDEX('Strategy Watchlist'!M:M,MATCH($A82,'Strategy Watchlist'!$A:$A,0)),"Not Found")} -> 237 | N82: {=IFERROR(INDEX('Strategy Watchlist'!N:N,MATCH($A82,'Strategy Watchlist'!$A:$A,0)),"Not Found")} -> 45717 | O82: {=IFERROR(INDEX('Strategy Watchlist'!P:P,MATCH($A82,'Strategy Watchlist'!$A:$A,0)),"Not Found")} -> -1.39 | P82: {=IFERROR(INDEX('Strategy Watchlist'!Q:Q,MATCH($A82,'Strategy Watchlist'!$A:$A,0)),"Not Found")} -> 0.56 | Q82: {=IFERROR(INDEX('Strategy Watchlist'!R:R,MATCH($A82,'Strategy Watchlist'!$A:$A,0)),"Not Found")} -> -0.43 | R82: {=IFERROR(INDEX('Strategy Watchlist'!S:S,MATCH($A82,'Strategy Watchlist'!$A:$A,0)),"Not Found")} -> -0.45 | S82: {=IFERROR(INDEX('Strategy Watchlist'!T:T,MATCH($A82,'Strategy Watchlist'!$A:$A,0)),"Not Found")} -> 4.99 | T82: {=IFERROR(INDEX('Strategy Watchlist'!U:U,MATCH($A82,'Strategy Watchlist'!$A:$A,0)),"Not Found")} -> 4.37 | U82: {=IFERROR(INDEX('Strategy Watchlist'!V:V,MATCH($A82,'Strategy Watchlist'!$A:$A,0)),"Not Found")} -> -1.47 | V82: {=IFERROR(INDEX('Strategy Watchlist'!W:W,MATCH($A82,'Strategy Watchlist'!$A:$A,0)),"Not Found")} -> 1.85 | W82: {=IFERROR(INDEX('Strategy Watchlist'!X:X,MATCH($A82,'Strategy Watchlist'!$A:$A,0)),"Not Found")} -> -0.11 | X82: {=IFERROR(INDEX('Strategy Watchlist'!Y:Y,MATCH($A82,'Strategy Watchlist'!$A:$A,0)),"Not Found")} -> 1.53 | Y82: {=IFERROR(INDEX('Strategy Watchlist'!Z:Z,MATCH($A82,'Strategy Watchlist'!$A:$A,0)),"Not Found")} -> https://www.tradingview.com/chart/Q9MeKvVC/
A83: =D83&"|"&E83&"|"&F83&"|"&G83 -> [6dcd4dc9]|ETH|precisionTrend|30m | B83: active | C83: =H83/$F$81 -> 0.3 | D83: [6dcd4dc9] | E83: ETH | F83: precisionTrend | G83: 30m | H83: 30000 | I83: =H83*0.21 -> 6300 | J83: 9200 | K83: 300 | L83: {=IFERROR(INDEX('Strategy Watchlist'!L:L,MATCH($A83,'Strategy Watchlist'!$A:$A,0)),"Not Found")} -> 9.211236 | M83: {=IFERROR(INDEX('Strategy Watchlist'!M:M,MATCH($A83,'Strategy Watchlist'!$A:$A,0)),"Not Found")} -> 312 | N83: {=IFERROR(INDEX('Strategy Watchlist'!N:N,MATCH($A83,'Strategy Watchlist'!$A:$A,0)),"Not Found")} -> 45772 | O83: {=IFERROR(INDEX('Strategy Watchlist'!P:P,MATCH($A83,'Strategy Watchlist'!$A:$A,0)),"Not Found")} -> 1.07 | P83: {=IFERROR(INDEX('Strategy Watchlist'!Q:Q,MATCH($A83,'Strategy Watchlist'!$A:$A,0)),"Not Found")} -> -2.52 | Q83: {=IFERROR(INDEX('Strategy Watchlist'!R:R,MATCH($A83,'Strategy Watchlist'!$A:$A,0)),"Not Found")} -> 1.84 | R83: {=IFERROR(INDEX('Strategy Watchlist'!S:S,MATCH($A83,'Strategy Watchlist'!$A:$A,0)),"Not Found")} -> 3.9 | S83: {=IFERROR(INDEX('Strategy Watchlist'!T:T,MATCH($A83,'Strategy Watchlist'!$A:$A,0)),"Not Found")} -> 1.37 | T83: {=IFERROR(INDEX('Strategy Watchlist'!U:U,MATCH($A83,'Strategy Watchlist'!$A:$A,0)),"Not Found")} -> 6.22 | U83: {=IFERROR(INDEX('Strategy Watchlist'!V:V,MATCH($A83,'Strategy Watchlist'!$A:$A,0)),"Not Found")} -> 3 | V83: {=IFERROR(INDEX('Strategy Watchlist'!W:W,MATCH($A83,'Strategy Watchlist'!$A:$A,0)),"Not Found")} -> 3.99 | W83: {=IFERROR(INDEX('Strategy Watchlist'!X:X,MATCH($A83,'Strategy Watchlist'!$A:$A,0)),"Not Found")} -> 0.93 | X83: {=IFERROR(INDEX('Strategy Watchlist'!Y:Y,MATCH($A83,'Strategy Watchlist'!$A:$A,0)),"Not Found")} -> 2.21 | Y83: {=IFERROR(INDEX('Strategy Watchlist'!Z:Z,MATCH($A83,'Strategy Watchlist'!$A:$A,0)),"Not Found")} -> https://www.tradingview.com/chart/YxD2lfI2/
A84: =D84&"|"&E84&"|"&F84&"|"&G84 -> [17ab2738]|ARB|stiff Surge|45m | B84: active | C84: =H84/$F$81 -> 0.45 | D84: [17ab2738] | E84: ARB | F84: stiff Surge | G84: 45m | H84: 45000 | I84: =H84*0.21 -> 9450 | J84: 11500 | K84: 420 | L84: {=IFERROR(INDEX('Strategy Watchlist'!L:L,MATCH($A84,'Strategy Watchlist'!$A:$A,0)),"Not Found")} -> 10.965644 | M84: {=IFERROR(INDEX('Strategy Watchlist'!M:M,MATCH($A84,'Strategy Watchlist'!$A:$A,0)),"Not Found")} -> 824 | N84: {=IFERROR(INDEX('Strategy Watchlist'!N:N,MATCH($A84,'Strategy Watchlist'!$A:$A,0)),"Not Found")} -> 45689 | O84: {=IFERROR(INDEX('Strategy Watchlist'!P:P,MATCH($A84,'Strategy Watchlist'!$A:$A,0)),"Not Found")} -> -1.7 | P84: {=IFERROR(INDEX('Strategy Watchlist'!Q:Q,MATCH($A84,'Strategy Watchlist'!$A:$A,0)),"Not Found")} -> -6.85 | Q84: {=IFERROR(INDEX('Strategy Watchlist'!R:R,MATCH($A84,'Strategy Watchlist'!$A:$A,0)),"Not Found")} -> 1.99 | R84: {=IFERROR(INDEX('Strategy Watchlist'!S:S,MATCH($A84,'Strategy Watchlist'!$A:$A,0)),"Not Found")} -> 6.96 | S84: {=IFERROR(INDEX('Strategy Watchlist'!T:T,MATCH($A84,'Strategy Watchlist'!$A:$A,0)),"Not Found")} -> 8.074 | T84: {=IFERROR(INDEX('Strategy Watchlist'!U:U,MATCH($A84,'Strategy Watchlist'!$A:$A,0)),"Not Found")} -> 11.5 | U84: {=IFERROR(INDEX('Strategy Watchlist'!V:V,MATCH($A84,'Strategy Watchlist'!$A:$A,0)),"Not Found")} -> 2.75 | V84: {=IFERROR(INDEX('Strategy Watchlist'!W:W,MATCH($A84,'Strategy Watchlist'!$A:$A,0)),"Not Found")} -> 2.57 | W84: {=IFERROR(INDEX('Strategy Watchlist'!X:X,MATCH($A84,'Strategy Watchlist'!$A:$A,0)),"Not Found")} -> 6.31 | X84: {=IFERROR(INDEX('Strategy Watchlist'!Y:Y,MATCH($A84,'Strategy Watchlist'!$A:$A,0)),"Not Found")} -> 7.91 | Y84: {=IFERROR(INDEX('Strategy Watchlist'!Z:Z,MATCH($A84,'Strategy Watchlist'!$A:$A,0)),"Not Found")} -> https://www.tradingview.com/chart/EjQUtmuc/
A85: =D85&"|"&E85&"|"&F85&"|"&G85 -> [fa32aee4]|LINK|McGinley|45m | B85: active | C85: =H85/$F$81 -> 0.3 | D85: [fa32aee4] | E85: LINK | F85: McGinley | G85: 45m | H85: 30000 | I85: =H85*0.21 -> 6300 | J85: 7500 | K85: 300 | L85: {=IFERROR(INDEX('Strategy Watchlist'!L:L,MATCH($A85,'Strategy Watchlist'!$A:$A,0)),"Not Found")} -> 16.683761 | M85: {=IFERROR(INDEX('Strategy Watchlist'!M:M,MATCH($A85,'Strategy Watchlist'!$A:$A,0)),"Not Found")} -> 176 | N85: {=IFERROR(INDEX('Strategy Watchlist'!N:N,MATCH($A85,'Strategy Watchlist'!$A:$A,0)),"Not Found")} -> 45833 | O85: {=IFERROR(INDEX('Strategy Watchlist'!P:P,MATCH($A85,'Strategy Watchlist'!$A:$A,0)),"Not Found")} -> -2.02 | P85: {=IFERROR(INDEX('Strategy Watchlist'!Q:Q,MATCH($A85,'Strategy Watchlist'!$A:$A,0)),"Not Found")} -> 0.36 | Q85: {=IFERROR(INDEX('Strategy Watchlist'!R:R,MATCH($A85,'Strategy Watchlist'!$A:$A,0)),"Not Found")} -> 7 | R85: {=IFERROR(INDEX('Strategy Watchlist'!S:S,MATCH($A85,'Strategy Watchlist'!$A:$A,0)),"Not Found")} -> 3.76 | S85: {=IFERROR(INDEX('Strategy Watchlist'!T:T,MATCH($A85,'Strategy Watchlist'!$A:$A,0)),"Not Found")} -> 2.22 | T85: {=IFERROR(INDEX('Strategy Watchlist'!U:U,MATCH($A85,'Strategy Watchlist'!$A:$A,0)),"Not Found")} -> 6.68 | U85: {=IFERROR(INDEX('Strategy Watchlist'!V:V,MATCH($A85,'Strategy Watchlist'!$A:$A,0)),"Not Found")} -> -0.14 | V85: {=IFERROR(INDEX('Strategy Watchlist'!W:W,MATCH($A85,'Strategy Watchlist'!$A:$A,0)),"Not Found")} -> 5.22 | W85: {=IFERROR(INDEX('Strategy Watchlist'!X:X,MATCH($A85,'Strategy Watchlist'!$A:$A,0)),"Not Found")} -> 0 | X85: {=IFERROR(INDEX('Strategy Watchlist'!Y:Y,MATCH($A85,'Strategy Watchlist'!$A:$A,0)),"Not Found")} -> 0.13 | Y85: {=IFERROR(INDEX('Strategy Watchlist'!Z:Z,MATCH($A85,'Strategy Watchlist'!$A:$A,0)),"Not Found")} -> https://www.tradingview.com/chart/CTC73Olh/
A86: =D86&"|"&E86&"|"&F86&"|"&G86 -> |PePe|T3 Nexus|30m | B86: active | C86: =H86/$F$81 -> 0.2 | E86: PePe | F86: T3 Nexus | G86: 30m | H86: 20000 | I86: =H86*0.21 -> 4200 | J86: 250 | K86: 100 | L86: {=IFERROR(INDEX('Strategy Watchlist'!L:L,MATCH($A86,'Strategy Watchlist'!$A:$A,0)),"Not Found")} -> 0.82275229 | M86: {=IFERROR(INDEX('Strategy Watchlist'!M:M,MATCH($A86,'Strategy Watchlist'!$A:$A,0)),"Not Found")} -> 748 | N86: {=IFERROR(INDEX('Strategy Watchlist'!N:N,MATCH($A86,'Strategy Watchlist'!$A:$A,0)),"Not Found")} -> 45662 | O86: {=IFERROR(INDEX('Strategy Watchlist'!P:P,MATCH($A86,'Strategy Watchlist'!$A:$A,0)),"Not Found")} -> -8.96 | P86: {=IFERROR(INDEX('Strategy Watchlist'!Q:Q,MATCH($A86,'Strategy Watchlist'!$A:$A,0)),"Not Found")} -> -0.19 | Q86: {=IFERROR(INDEX('Strategy Watchlist'!R:R,MATCH($A86,'Strategy Watchlist'!$A:$A,0)),"Not Found")} -> 6.1 | R86: {=IFERROR(INDEX('Strategy Watchlist'!S:S,MATCH($A86,'Strategy Watchlist'!$A:$A,0)),"Not Found")} -> 3.29 | S86: {=IFERROR(INDEX('Strategy Watchlist'!T:T,MATCH($A86,'Strategy Watchlist'!$A:$A,0)),"Not Found")} -> 1.47 | T86: {=IFERROR(INDEX('Strategy Watchlist'!U:U,MATCH($A86,'Strategy Watchlist'!$A:$A,0)),"Not Found")} -> 6.2 | U86: {=IFERROR(INDEX('Strategy Watchlist'!V:V,MATCH($A86,'Strategy Watchlist'!$A:$A,0)),"Not Found")} -> -4.5 | V86: {=IFERROR(INDEX('Strategy Watchlist'!W:W,MATCH($A86,'Strategy Watchlist'!$A:$A,0)),"Not Found")} -> 4.74 | W86: {=IFERROR(INDEX('Strategy Watchlist'!X:X,MATCH($A86,'Strategy Watchlist'!$A:$A,0)),"Not Found")} -> 1.16 | X86: {=IFERROR(INDEX('Strategy Watchlist'!Y:Y,MATCH($A86,'Strategy Watchlist'!$A:$A,0)),"Not Found")} -> 7.62 | Y86: {=IFERROR(INDEX('Strategy Watchlist'!Z:Z,MATCH($A86,'Strategy Watchlist'!$A:$A,0)),"Not Found")} -> https://www.tradingview.com/chart/Kj5ZGHdw/
A87: =D87&"|"&E87&"|"&F87&"|"&G87 -> |DOGE|MACD|45m | B87: active | C87: =H87/$F$81 -> 0.2 | E87: DOGE | F87: MACD | G87: 45m | H87: 20000 | I87: =H87*0.21 -> 4200 | J87: 7560 | K87: 270 | L87: {=IFERROR(INDEX('Strategy Watchlist'!L:L,MATCH($A87,'Strategy Watchlist'!$A:$A,0)),"Not Found")} -> 6.8331771 | M87: {=IFERROR(INDEX('Strategy Watchlist'!M:M,MATCH($A87,'Strategy Watchlist'!$A:$A,0)),"Not Found")} -> 147 | N87: {=IFERROR(INDEX('Strategy Watchlist'!N:N,MATCH($A87,'Strategy Watchlist'!$A:$A,0)),"Not Found")} -> 45662 | O87: {=IFERROR(INDEX('Strategy Watchlist'!P:P,MATCH($A87,'Strategy Watchlist'!$A:$A,0)),"Not Found")} -> -3.88 | P87: {=IFERROR(INDEX('Strategy Watchlist'!Q:Q,MATCH($A87,'Strategy Watchlist'!$A:$A,0)),"Not Found")} -> 5.91 | Q87: {=IFERROR(INDEX('Strategy Watchlist'!R:R,MATCH($A87,'Strategy Watchlist'!$A:$A,0)),"Not Found")} -> -0.08 | R87: {=IFERROR(INDEX('Strategy Watchlist'!S:S,MATCH($A87,'Strategy Watchlist'!$A:$A,0)),"Not Found")} -> 4.72 | S87: {=IFERROR(INDEX('Strategy Watchlist'!T:T,MATCH($A87,'Strategy Watchlist'!$A:$A,0)),"Not Found")} -> 8.93 | T87: {=IFERROR(INDEX('Strategy Watchlist'!U:U,MATCH($A87,'Strategy Watchlist'!$A:$A,0)),"Not Found")} -> 2.69 | U87: {=IFERROR(INDEX('Strategy Watchlist'!V:V,MATCH($A87,'Strategy Watchlist'!$A:$A,0)),"Not Found")} -> 2.04 | V87: {=IFERROR(INDEX('Strategy Watchlist'!W:W,MATCH($A87,'Strategy Watchlist'!$A:$A,0)),"Not Found")} -> 5.31 | W87: {=IFERROR(INDEX('Strategy Watchlist'!X:X,MATCH($A87,'Strategy Watchlist'!$A:$A,0)),"Not Found")} -> 0.72 | X87: {=IFERROR(INDEX('Strategy Watchlist'!Y:Y,MATCH($A87,'Strategy Watchlist'!$A:$A,0)),"Not Found")} -> 3.27 | Y87: {=IFERROR(INDEX('Strategy Watchlist'!Z:Z,MATCH($A87,'Strategy Watchlist'!$A:$A,0)),"Not Found")} -> https://www.tradingview.com/chart/Dvd9vGt5/
A88: =D88&"|"&E88&"|"&F88&"|"&G88 -> [e92283ec]|HBAR|Heiken-Ashi|30m | B88: active | C88: =H88/$F$81 -> 0.3 | D88: [e92283ec] | E88: HBAR | F88: Heiken-Ashi | G88: 30m | H88: 30000 | I88: =H88*0.21 -> 6300 | K88: 300 | L88: {=IFERROR(INDEX('Strategy Watchlist'!L:L,MATCH($A88,'Strategy Watchlist'!$A:$A,0)),"Not Found")} -> 6.7744 | M88: {=IFERROR(INDEX('Strategy Watchlist'!M:M,MATCH($A88,'Strategy Watchlist'!$A:$A,0)),"Not Found")} -> 224 | N88: {=IFERROR(INDEX('Strategy Watchlist'!N:N,MATCH($A88,'Strategy Watchlist'!$A:$A,0)),"Not Found")} -> 45833 | O88: {=IFERROR(INDEX('Strategy Watchlist'!P:P,MATCH($A88,'Strategy Watchlist'!$A:$A,0)),"Not Found")} -> 1.01 | P88: {=IFERROR(INDEX('Strategy Watchlist'!Q:Q,MATCH($A88,'Strategy Watchlist'!$A:$A,0)),"Not Found")} -> -1.15 | Q88: {=IFERROR(INDEX('Strategy Watchlist'!R:R,MATCH($A88,'Strategy Watchlist'!$A:$A,0)),"Not Found")} -> 0.83 | R88: {=IFERROR(INDEX('Strategy Watchlist'!S:S,MATCH($A88,'Strategy Watchlist'!$A:$A,0)),"Not Found")} -> 1.52 | S88: {=IFERROR(INDEX('Strategy Watchlist'!T:T,MATCH($A88,'Strategy Watchlist'!$A:$A,0)),"Not Found")} -> -0.03 | T88: {=IFERROR(INDEX('Strategy Watchlist'!U:U,MATCH($A88,'Strategy Watchlist'!$A:$A,0)),"Not Found")} -> 4.38 | U88: {=IFERROR(INDEX('Strategy Watchlist'!V:V,MATCH($A88,'Strategy Watchlist'!$A:$A,0)),"Not Found")} -> 1.95 | V88: {=IFERROR(INDEX('Strategy Watchlist'!W:W,MATCH($A88,'Strategy Watchlist'!$A:$A,0)),"Not Found")} -> 1.98 | W88: {=IFERROR(INDEX('Strategy Watchlist'!X:X,MATCH($A88,'Strategy Watchlist'!$A:$A,0)),"Not Found")} -> 4.59 | X88: {=IFERROR(INDEX('Strategy Watchlist'!Y:Y,MATCH($A88,'Strategy Watchlist'!$A:$A,0)),"Not Found")} -> -1.3 | Y88: {=IFERROR(INDEX('Strategy Watchlist'!Z:Z,MATCH($A88,'Strategy Watchlist'!$A:$A,0)),"Not Found")} -> https://www.tradingview.com/chart/ygHXwF84/
A89: =D89&"|"&E89&"|"&F89&"|"&G89 -> [492724a5]|SOL|TTMS|30m | B89: active | C89: =H89/$F$81 -> 0.35 | D89: [492724a5] | E89: SOL | F89: TTMS | G89: 30m | H89: 35000 | I89: =H89*0.21 -> 7350 | J89: =3.3*196 -> 646.8 | K89: 250 | L89: {=IFERROR(INDEX('Strategy Watchlist'!L:L,MATCH($A89,'Strategy Watchlist'!$A:$A,0)),"Not Found")} -> 4.2563291 | M89: {=IFERROR(INDEX('Strategy Watchlist'!M:M,MATCH($A89,'Strategy Watchlist'!$A:$A,0)),"Not Found")} -> 482 | N89: {=IFERROR(INDEX('Strategy Watchlist'!N:N,MATCH($A89,'Strategy Watchlist'!$A:$A,0)),"Not Found")} -> 45863 | O89: {=IFERROR(INDEX('Strategy Watchlist'!P:P,MATCH($A89,'Strategy Watchlist'!$A:$A,0)),"Not Found")} -> 1.71 | P89: {=IFERROR(INDEX('Strategy Watchlist'!Q:Q,MATCH($A89,'Strategy Watchlist'!$A:$A,0)),"Not Found")} -> -0.73 | Q89: {=IFERROR(INDEX('Strategy Watchlist'!R:R,MATCH($A89,'Strategy Watchlist'!$A:$A,0)),"Not Found")} -> -2.65 | R89: {=IFERROR(INDEX('Strategy Watchlist'!S:S,MATCH($A89,'Strategy Watchlist'!$A:$A,0)),"Not Found")} -> 1.44 | S89: {=IFERROR(INDEX('Strategy Watchlist'!T:T,MATCH($A89,'Strategy Watchlist'!$A:$A,0)),"Not Found")} -> 1.63 | T89: {=IFERROR(INDEX('Strategy Watchlist'!U:U,MATCH($A89,'Strategy Watchlist'!$A:$A,0)),"Not Found")} -> 2.29 | U89: {=IFERROR(INDEX('Strategy Watchlist'!V:V,MATCH($A89,'Strategy Watchlist'!$A:$A,0)),"Not Found")} -> 0.11 | V89: {=IFERROR(INDEX('Strategy Watchlist'!W:W,MATCH($A89,'Strategy Watchlist'!$A:$A,0)),"Not Found")} -> -0.42 | W89: {=IFERROR(INDEX('Strategy Watchlist'!X:X,MATCH($A89,'Strategy Watchlist'!$A:$A,0)),"Not Found")} -> 2.36 | X89: {=IFERROR(INDEX('Strategy Watchlist'!Y:Y,MATCH($A89,'Strategy Watchlist'!$A:$A,0)),"Not Found")} -> 6.03 | Y89: {=IFERROR(INDEX('Strategy Watchlist'!Z:Z,MATCH($A89,'Strategy Watchlist'!$A:$A,0)),"Not Found")} -> https://www.tradingview.com/chart/iSq6XFCC/
A90: =D90&"|"&E90&"|"&F90&"|"&G90 -> |APE|precisionTrend|30m | B90: active | C90: =H90/$F$81 -> 0.3 | E90: APE | F90: precisionTrend | G90: 30m | H90: 30000 | I90: 630 | J90: 660 | K90: 200 | L90: {=IFERROR(INDEX('Strategy Watchlist'!L:L,MATCH($A90,'Strategy Watchlist'!$A:$A,0)),"Not Found")} -> 4.1660424 | M90: {=IFERROR(INDEX('Strategy Watchlist'!M:M,MATCH($A90,'Strategy Watchlist'!$A:$A,0)),"Not Found")} -> 278 | N90: {=IFERROR(INDEX('Strategy Watchlist'!N:N,MATCH($A90,'Strategy Watchlist'!$A:$A,0)),"Not Found")} -> 45778 | O90: {=IFERROR(INDEX('Strategy Watchlist'!P:P,MATCH($A90,'Strategy Watchlist'!$A:$A,0)),"Not Found")} -> -0.99 | P90: {=IFERROR(INDEX('Strategy Watchlist'!Q:Q,MATCH($A90,'Strategy Watchlist'!$A:$A,0)),"Not Found")} -> 3 | Q90: {=IFERROR(INDEX('Strategy Watchlist'!R:R,MATCH($A90,'Strategy Watchlist'!$A:$A,0)),"Not Found")} -> 1.66 | R90: {=IFERROR(INDEX('Strategy Watchlist'!S:S,MATCH($A90,'Strategy Watchlist'!$A:$A,0)),"Not Found")} -> -2.79 | S90: {=IFERROR(INDEX('Strategy Watchlist'!T:T,MATCH($A90,'Strategy Watchlist'!$A:$A,0)),"Not Found")} -> 0.63 | T90: {=IFERROR(INDEX('Strategy Watchlist'!U:U,MATCH($A90,'Strategy Watchlist'!$A:$A,0)),"Not Found")} -> 6.17 | U90: {=IFERROR(INDEX('Strategy Watchlist'!V:V,MATCH($A90,'Strategy Watchlist'!$A:$A,0)),"Not Found")} -> 3.56 | V90: {=IFERROR(INDEX('Strategy Watchlist'!W:W,MATCH($A90,'Strategy Watchlist'!$A:$A,0)),"Not Found")} -> 0.87 | W90: {=IFERROR(INDEX('Strategy Watchlist'!X:X,MATCH($A90,'Strategy Watchlist'!$A:$A,0)),"Not Found")} -> 1.73 | X90: {=IFERROR(INDEX('Strategy Watchlist'!Y:Y,MATCH($A90,'Strategy Watchlist'!$A:$A,0)),"Not Found")} -> 3.54 | Y90: {=IFERROR(INDEX('Strategy Watchlist'!Z:Z,MATCH($A90,'Strategy Watchlist'!$A:$A,0)),"Not Found")} -> https://www.tradingview.com/chart/oDhEAePi/
A91: =D91&"|"&E91&"|"&F91&"|"&G91 -> [65caeaa0]|ROSE|WolfnBear|1H | B91: active | C91: =H91/$F$81 -> 0.4 | D91: [65caeaa0] | E91: ROSE | F91: WolfnBear | G91: 1H | H91: 40000 | I91: =H91*0.21 -> 8400 | J91: 780 | K91: 240 | L91: {=IFERROR(INDEX('Strategy Watchlist'!L:L,MATCH($A91,'Strategy Watchlist'!$A:$A,0)),"Not Found")} -> 9.1257485 | M91: {=IFERROR(INDEX('Strategy Watchlist'!M:M,MATCH($A91,'Strategy Watchlist'!$A:$A,0)),"Not Found")} -> 172 | N91: {=IFERROR(INDEX('Strategy Watchlist'!N:N,MATCH($A91,'Strategy Watchlist'!$A:$A,0)),"Not Found")} -> 45682 | O91: {=IFERROR(INDEX('Strategy Watchlist'!P:P,MATCH($A91,'Strategy Watchlist'!$A:$A,0)),"Not Found")} -> 1.04 | P91: {=IFERROR(INDEX('Strategy Watchlist'!Q:Q,MATCH($A91,'Strategy Watchlist'!$A:$A,0)),"Not Found")} -> 2.39 | Q91: {=IFERROR(INDEX('Strategy Watchlist'!R:R,MATCH($A91,'Strategy Watchlist'!$A:$A,0)),"Not Found")} -> 0.38 | R91: {=IFERROR(INDEX('Strategy Watchlist'!S:S,MATCH($A91,'Strategy Watchlist'!$A:$A,0)),"Not Found")} -> 1.76 | S91: {=IFERROR(INDEX('Strategy Watchlist'!T:T,MATCH($A91,'Strategy Watchlist'!$A:$A,0)),"Not Found")} -> 0.72 | T91: {=IFERROR(INDEX('Strategy Watchlist'!U:U,MATCH($A91,'Strategy Watchlist'!$A:$A,0)),"Not Found")} -> -0.84 | U91: {=IFERROR(INDEX('Strategy Watchlist'!V:V,MATCH($A91,'Strategy Watchlist'!$A:$A,0)),"Not Found")} -> -0.24 | V91: {=IFERROR(INDEX('Strategy Watchlist'!W:W,MATCH($A91,'Strategy Watchlist'!$A:$A,0)),"Not Found")} -> -1.19 | W91: {=IFERROR(INDEX('Strategy Watchlist'!X:X,MATCH($A91,'Strategy Watchlist'!$A:$A,0)),"Not Found")} -> 0.18 | X91: {=IFERROR(INDEX('Strategy Watchlist'!Y:Y,MATCH($A91,'Strategy Watchlist'!$A:$A,0)),"Not Found")} -> 2.34 | Y91: {=IFERROR(INDEX('Strategy Watchlist'!Z:Z,MATCH($A91,'Strategy Watchlist'!$A:$A,0)),"Not Found")} -> https://www.tradingview.com/chart/p2Bvj1LX/
A92: =D92&"|"&E92&"|"&F92&"|"&G92 -> [b39d1d6e]|PIXEL|WolfnBear|1H | B92: active | C92: =H92/$F$81 -> 0.35 | D92: [b39d1d6e] | E92: PIXEL | F92: WolfnBear | G92: 1H | H92: 35000 | I92: =H92*0.21 -> 7350 | J92: =I92 -> 7350 | K92: 240 | L92: {=IFERROR(INDEX('Strategy Watchlist'!L:L,MATCH($A92,'Strategy Watchlist'!$A:$A,0)),"Not Found")} -> 6.7377399 | M92: {=IFERROR(INDEX('Strategy Watchlist'!M:M,MATCH($A92,'Strategy Watchlist'!$A:$A,0)),"Not Found")} -> 124 | N92: {=IFERROR(INDEX('Strategy Watchlist'!N:N,MATCH($A92,'Strategy Watchlist'!$A:$A,0)),"Not Found")} -> 45833 | O92: {=IFERROR(INDEX('Strategy Watchlist'!P:P,MATCH($A92,'Strategy Watchlist'!$A:$A,0)),"Not Found")} -> 1.78 | P92: {=IFERROR(INDEX('Strategy Watchlist'!Q:Q,MATCH($A92,'Strategy Watchlist'!$A:$A,0)),"Not Found")} -> -0.58 | Q92: {=IFERROR(INDEX('Strategy Watchlist'!R:R,MATCH($A92,'Strategy Watchlist'!$A:$A,0)),"Not Found")} -> 2.67 | R92: {=IFERROR(INDEX('Strategy Watchlist'!S:S,MATCH($A92,'Strategy Watchlist'!$A:$A,0)),"Not Found")} -> 4.07 | S92: {=IFERROR(INDEX('Strategy Watchlist'!T:T,MATCH($A92,'Strategy Watchlist'!$A:$A,0)),"Not Found")} -> 2.3 | T92: {=IFERROR(INDEX('Strategy Watchlist'!U:U,MATCH($A92,'Strategy Watchlist'!$A:$A,0)),"Not Found")} -> 1.05 | U92: {=IFERROR(INDEX('Strategy Watchlist'!V:V,MATCH($A92,'Strategy Watchlist'!$A:$A,0)),"Not Found")} -> -1.13 | V92: {=IFERROR(INDEX('Strategy Watchlist'!W:W,MATCH($A92,'Strategy Watchlist'!$A:$A,0)),"Not Found")} -> 0.64 | W92: {=IFERROR(INDEX('Strategy Watchlist'!X:X,MATCH($A92,'Strategy Watchlist'!$A:$A,0)),"Not Found")} -> -0.53 | X92: {=IFERROR(INDEX('Strategy Watchlist'!Y:Y,MATCH($A92,'Strategy Watchlist'!$A:$A,0)),"Not Found")} -> -0.16 | Y92: {=IFERROR(INDEX('Strategy Watchlist'!Z:Z,MATCH($A92,'Strategy Watchlist'!$A:$A,0)),"Not Found")} -> https://www.tradingview.com/chart/7HMGQSsJ/ | AU92: toWatch | AV92: d | AW92: PIXEL | AX92: WolfnBear | AY92: 8.125 | AZ92: 124 | BA92: 1H | BB92: 45833 | BC92: -0.09 | BD92: 2.89 | BE92: 4.46 | BF92: 2.52 | BG92: 1.25 | BH92: -1.13 | BI92: 0.64 | BJ92: -0.53 | BK92: -0.16 | BL92: [b39d1d6e] | BM92: https://daviddtech.com/strategy/reid-wolfbearv5-pixelusdt-1h-14-01-2025-copy/
A93: =D93&"|"&E93&"|"&F93&"|"&G93 -> [8a00ecfa]|ADA|JpTrendForce|1H | B93: active | C93: =H93/$F$81 -> 0.24 | D93: [8a00ecfa] | E93: ADA | F93: JpTrendForce | G93: 1H | H93: 24000 | I93: =H93*0.21 -> 5040 | J93: =I93 -> 5040 | K93: 300 | L93: =38.28/5.19 -> 7.3757225 | M93: 160 | N93: 45682 | O93: {=IFERROR(INDEX('Strategy Watchlist'!P:P,MATCH($A93,'Strategy Watchlist'!$A:$A,0)),"Not Found")} -> 3.77 | P93: -1.61 | Q93: 1.35 | R93: 2.58 | S93: 3.16 | T93: 1.52 | U93: -1.1 | V93: -1.24 | W93: 0 | X93: 0 | Y93: https://daviddtech.com/strategy/gentlesir-jptrendforce-adausdt-1h-15-10-2024-copy/ | AU93: =AX93&"|"&AY93&"|"&AZ93&"|"&BA93 -> [8a00ecfa]|ADA|JpTrendForce|1H | AV93: toWatch | AX93: [8a00ecfa] | AY93: ADA | AZ93: JpTrendForce | BA93: 1H | BF93: =38.28/5.19 -> 7.3757225 | BG93: 160 | BH93: 45682 | BI93: 3.77 | BJ93: -1.61 | BK93: 1.35 | BL93: 2.58 | BM93: 3.16 | BN93: 1.52 | BO93: -1.1 | BP93: -1.24 | BQ93: 0 | BR93: 0 | BS93: https://daviddtech.com/strategy/gentlesir-jptrendforce-adausdt-1h-15-10-2024-copy/
A94: =D94&"|"&E94&"|"&F94&"|"&G94 -> [fbf06b43]|MNT|Trendhoo|37m | B94: active | C94: =H94/$F$81 -> 0.35 | D94: [fbf06b43] | E94: MNT | F94: Trendhoo | G94: 37m | H94: 35000 | I94: =H94*0.21 -> 7350 | J94: =I94 -> 7350 | K94: 280 | L94: =106.85/16.15 -> 6.6160991 | M94: 846 | N94: 45863 | O94: {=IFERROR(INDEX('Strategy Watchlist'!P:P,MATCH($A94,'Strategy Watchlist'!$A:$A,0)),"Not Found")} -> 2.49 | P94: 6.22 | Q94: 2.4 | R94: 14.95 | S94: -0.75 | T94: 2.18 | U94: -6.96 | V94: -0.73 | W94: -1.92 | X94: 6.73 | Y94: https://daviddtech.com/strategy/creedomrings-trendhoo-mntusdt-37m-06-08-copy/ | AU94: =AX94&"|"&AY94&"|"&AZ94&"|"&BA94 -> [fbf06b43]|MNT|Trendhoo|37m | AV94: active | AW94: 0.2 | AX94: [fbf06b43] | AY94: MNT | AZ94: Trendhoo | BA94: 37m | BF94: =106.85/16.15 -> 6.6160991 | BG94: 846 | BH94: 45863 | BI94: 2.49 | BJ94: 6.22 | BK94: 2.4 | BL94: 14.95 | BM94: -0.75 | BN94: 2.18 | BO94: -6.96 | BP94: -0.73 | BQ94: -1.92 | BR94: 6.73 | BS94: https://daviddtech.com/strategy/creedomrings-trendhoo-mntusdt-37m-06-08-copy/
A95: =D95&"|"&E95&"|"&F95&"|"&G95 -> 7x|95000|100000| | B95: Main 2 | D95: 7x | E95: 95000 | F95: 100000
A96: =D96&"|"&E96&"|"&F96&"|"&G96 -> 0|LINK|McGinley|45m | B96: active | C96: =H96/$F$95 -> 0.35 | D96: ='Strategy Watchlist'!D13 -> 0 | E96: LINK | F96: McGinley | G96: 45m | H96: 35000 | I96: =H96*0.21 -> 7350 | J96: 8000 | K96: 230 | L96: {=IFERROR(INDEX('Strategy Watchlist'!L:L,MATCH($A96,'Strategy Watchlist'!$A:$A,0)),"Not Found")} -> Not Found | M96: {=IFERROR(INDEX('Strategy Watchlist'!M:M,MATCH($A96,'Strategy Watchlist'!$A:$A,0)),"Not Found")} -> Not Found | N96: {=IFERROR(INDEX('Strategy Watchlist'!N:N,MATCH($A96,'Strategy Watchlist'!$A:$A,0)),"Not Found")} -> Not Found | O96: {=IFERROR(INDEX('Strategy Watchlist'!P:P,MATCH($A96,'Strategy Watchlist'!$A:$A,0)),"Not Found")} -> Not Found | P96: {=IFERROR(INDEX('Strategy Watchlist'!Q:Q,MATCH($A96,'Strategy Watchlist'!$A:$A,0)),"Not Found")} -> Not Found | Q96: {=IFERROR(INDEX('Strategy Watchlist'!R:R,MATCH($A96,'Strategy Watchlist'!$A:$A,0)),"Not Found")} -> Not Found | R96: {=IFERROR(INDEX('Strategy Watchlist'!S:S,MATCH($A96,'Strategy Watchlist'!$A:$A,0)),"Not Found")} -> Not Found | S96: {=IFERROR(INDEX('Strategy Watchlist'!T:T,MATCH($A96,'Strategy Watchlist'!$A:$A,0)),"Not Found")} -> Not Found | T96: {=IFERROR(INDEX('Strategy Watchlist'!U:U,MATCH($A96,'Strategy Watchlist'!$A:$A,0)),"Not Found")} -> Not Found | U96: {=IFERROR(INDEX('Strategy Watchlist'!V:V,MATCH($A96,'Strategy Watchlist'!$A:$A,0)),"Not Found")} -> Not Found | V96: {=IFERROR(INDEX('Strategy Watchlist'!W:W,MATCH($A96,'Strategy Watchlist'!$A:$A,0)),"Not Found")} -> Not Found | W96: {=IFERROR(INDEX('Strategy Watchlist'!X:X,MATCH($A96,'Strategy Watchlist'!$A:$A,0)),"Not Found")} -> Not Found | X96: {=IFERROR(INDEX('Strategy Watchlist'!Y:Y,MATCH($A96,'Strategy Watchlist'!$A:$A,0)),"Not Found")} -> Not Found | Y96: {=IFERROR(INDEX('Strategy Watchlist'!Z:Z,MATCH($A96,'Strategy Watchlist'!$A:$A,0)),"Not Found")} -> Not Found | Z96: ='Strategy Watchlist'!AA13 -> 0
A97: =D97&"|"&E97&"|"&F97&"|"&G97 -> [f80d2657]|PePe|JP Trend|30m | B97: active | C97: =H97/$F$95 -> 0.3 | D97: [f80d2657] | E97: PePe | F97: JP Trend | G97: 30m | H97: 30000 | I97: =H97*0.21 -> 6300 | J97: 6300 | K97: 230 | L97: {=IFERROR(INDEX('Strategy Watchlist'!L:L,MATCH($A97,'Strategy Watchlist'!$A:$A,0)),"Not Found")} -> 11.341646 | M97: {=IFERROR(INDEX('Strategy Watchlist'!M:M,MATCH($A97,'Strategy Watchlist'!$A:$A,0)),"Not Found")} -> 302 | N97: {=IFERROR(INDEX('Strategy Watchlist'!N:N,MATCH($A97,'Strategy Watchlist'!$A:$A,0)),"Not Found")} -> 45662 | O97: {=IFERROR(INDEX('Strategy Watchlist'!P:P,MATCH($A97,'Strategy Watchlist'!$A:$A,0)),"Not Found")} -> 3.05 | P97: {=IFERROR(INDEX('Strategy Watchlist'!Q:Q,MATCH($A97,'Strategy Watchlist'!$A:$A,0)),"Not Found")} -> 1.52 | Q97: {=IFERROR(INDEX('Strategy Watchlist'!R:R,MATCH($A97,'Strategy Watchlist'!$A:$A,0)),"Not Found")} -> -3.15 | R97: {=IFERROR(INDEX('Strategy Watchlist'!S:S,MATCH($A97,'Strategy Watchlist'!$A:$A,0)),"Not Found")} -> 2.3 | S97: {=IFERROR(INDEX('Strategy Watchlist'!T:T,MATCH($A97,'Strategy Watchlist'!$A:$A,0)),"Not Found")} -> -0.12 | T97: {=IFERROR(INDEX('Strategy Watchlist'!U:U,MATCH($A97,'Strategy Watchlist'!$A:$A,0)),"Not Found")} -> 5.69 | U97: {=IFERROR(INDEX('Strategy Watchlist'!V:V,MATCH($A97,'Strategy Watchlist'!$A:$A,0)),"Not Found")} -> -1.33 | V97: {=IFERROR(INDEX('Strategy Watchlist'!W:W,MATCH($A97,'Strategy Watchlist'!$A:$A,0)),"Not Found")} -> 2.12 | W97: {=IFERROR(INDEX('Strategy Watchlist'!X:X,MATCH($A97,'Strategy Watchlist'!$A:$A,0)),"Not Found")} -> 3.07 | X97: {=IFERROR(INDEX('Strategy Watchlist'!Y:Y,MATCH($A97,'Strategy Watchlist'!$A:$A,0)),"Not Found")} -> 3.75 | Y97: {=IFERROR(INDEX('Strategy Watchlist'!Z:Z,MATCH($A97,'Strategy Watchlist'!$A:$A,0)),"Not Found")} -> https://www.tradingview.com/chart/uNPZ2spK/
A98: =D98&"|"&E98&"|"&F98&"|"&G98 -> [1e052093]|SOL|FlashProfit|59m | B98: active | C98: =H98/$F$95 -> 0.3 | D98: [1e052093] | E98: SOL | F98: FlashProfit | G98: 59m | H98: 30000 | I98: =H98*0.21 -> 6300 | J98: 8000 | K98: 300 | L98: {=IFERROR(INDEX('Strategy Watchlist'!L:L,MATCH($A98,'Strategy Watchlist'!$A:$A,0)),"Not Found")} -> 4.1988506 | M98: {=IFERROR(INDEX('Strategy Watchlist'!M:M,MATCH($A98,'Strategy Watchlist'!$A:$A,0)),"Not Found")} -> 567 | N98: {=IFERROR(INDEX('Strategy Watchlist'!N:N,MATCH($A98,'Strategy Watchlist'!$A:$A,0)),"Not Found")} -> 45925 | O98: {=IFERROR(INDEX('Strategy Watchlist'!P:P,MATCH($A98,'Strategy Watchlist'!$A:$A,0)),"Not Found")} -> 0.82 | P98: {=IFERROR(INDEX('Strategy Watchlist'!Q:Q,MATCH($A98,'Strategy Watchlist'!$A:$A,0)),"Not Found")} -> 6.44 | Q98: {=IFERROR(INDEX('Strategy Watchlist'!R:R,MATCH($A98,'Strategy Watchlist'!$A:$A,0)),"Not Found")} -> 4.43 | R98: {=IFERROR(INDEX('Strategy Watchlist'!S:S,MATCH($A98,'Strategy Watchlist'!$A:$A,0)),"Not Found")} -> -0.32 | S98: {=IFERROR(INDEX('Strategy Watchlist'!T:T,MATCH($A98,'Strategy Watchlist'!$A:$A,0)),"Not Found")} -> 0.78 | T98: {=IFERROR(INDEX('Strategy Watchlist'!U:U,MATCH($A98,'Strategy Watchlist'!$A:$A,0)),"Not Found")} -> 2.03 | U98: {=IFERROR(INDEX('Strategy Watchlist'!V:V,MATCH($A98,'Strategy Watchlist'!$A:$A,0)),"Not Found")} -> 0.72 | V98: {=IFERROR(INDEX('Strategy Watchlist'!W:W,MATCH($A98,'Strategy Watchlist'!$A:$A,0)),"Not Found")} -> 2.39 | W98: {=IFERROR(INDEX('Strategy Watchlist'!X:X,MATCH($A98,'Strategy Watchlist'!$A:$A,0)),"Not Found")} -> 1.96 | X98: {=IFERROR(INDEX('Strategy Watchlist'!Y:Y,MATCH($A98,'Strategy Watchlist'!$A:$A,0)),"Not Found")} -> 0.45 | Y98: {=IFERROR(INDEX('Strategy Watchlist'!Z:Z,MATCH($A98,'Strategy Watchlist'!$A:$A,0)),"Not Found")} -> https://www.tradingview.com/chart/mnGjsgoY/
A99: =D99&"|"&E99&"|"&F99&"|"&G99 -> [ff2cc3b8]|ETH|McGingley|30m | B99: active | C99: =H99/$F$95 -> 0.5 | D99: [ff2cc3b8] | E99: ETH | F99: McGingley | G99: 30m | H99: 50000 | I99: =H99*0.21 -> 10500 | J99: =I99 -> 10500 | K99: 200 | L99: =20.99/4.18 -> 5.0215311 | M99: 257 | N99: 45682 | O99: 2.78 | P99: 0.4 | Q99: 1.79 | R99: 1.17 | S99: 1.55 | T99: 2.1 | U99: 1.15 | V99: 1.54 | W99: 0.27 | X99: -0.02 | Y99: https://www.tradingview.com/chart/sLLqQaVx/ | AV99: toWatch | AX99: [ff2cc3b8] | AY99: ETH | AZ99: McGingley | BA99: 30m | BF99: =20.99/4.18 -> 5.0215311 | BG99: 257 | BH99: 45682 | BI99: 2.78 | BJ99: 0.4 | BK99: 1.79 | BL99: 1.17 | BM99: 1.55 | BN99: 2.1 | BO99: 1.15 | BP99: 1.54 | BQ99: 0.27 | BR99: -0.02 | BS99: https://www.tradingview.com/chart/sLLqQaVx/
A100: =D100&"|"&E100&"|"&F100&"|"&G100 -> 17.12.2024|ARB|Heiken-Ashi|45m | B100: active | C100: =H100/$F$95 -> 0.24 | D100: 17.12.2024 | E100: ARB | F100: Heiken-Ashi | G100: 45m | H100: 24000 | I100: =H100*0.21 -> 5040 | J100: 2520 | K100: 100 | L100: {=IFERROR(INDEX('Strategy Watchlist'!L:L,MATCH($A100,'Strategy Watchlist'!$A:$A,0)),"Not Found")} -> 12.102857 | M100: {=IFERROR(INDEX('Strategy Watchlist'!M:M,MATCH($A100,'Strategy Watchlist'!$A:$A,0)),"Not Found")} -> 294 | N100: {=IFERROR(INDEX('Strategy Watchlist'!N:N,MATCH($A100,'Strategy Watchlist'!$A:$A,0)),"Not Found")} -> 45772 | O100: {=IFERROR(INDEX('Strategy Watchlist'!P:P,MATCH($A100,'Strategy Watchlist'!$A:$A,0)),"Not Found")} -> -0.88 | P100: {=IFERROR(INDEX('Strategy Watchlist'!Q:Q,MATCH($A100,'Strategy Watchlist'!$A:$A,0)),"Not Found")} -> 0.46 | Q100: {=IFERROR(INDEX('Strategy Watchlist'!R:R,MATCH($A100,'Strategy Watchlist'!$A:$A,0)),"Not Found")} -> -0.54 | R100: {=IFERROR(INDEX('Strategy Watchlist'!S:S,MATCH($A100,'Strategy Watchlist'!$A:$A,0)),"Not Found")} -> 4.43 | S100: {=IFERROR(INDEX('Strategy Watchlist'!T:T,MATCH($A100,'Strategy Watchlist'!$A:$A,0)),"Not Found")} -> -0.26 | T100: {=IFERROR(INDEX('Strategy Watchlist'!U:U,MATCH($A100,'Strategy Watchlist'!$A:$A,0)),"Not Found")} -> 0.04 | U100: {=IFERROR(INDEX('Strategy Watchlist'!V:V,MATCH($A100,'Strategy Watchlist'!$A:$A,0)),"Not Found")} -> 1.27 | V100: {=IFERROR(INDEX('Strategy Watchlist'!W:W,MATCH($A100,'Strategy Watchlist'!$A:$A,0)),"Not Found")} -> 3.69 | W100: {=IFERROR(INDEX('Strategy Watchlist'!X:X,MATCH($A100,'Strategy Watchlist'!$A:$A,0)),"Not Found")} -> -0.27 | X100: {=IFERROR(INDEX('Strategy Watchlist'!Y:Y,MATCH($A100,'Strategy Watchlist'!$A:$A,0)),"Not Found")} -> 3.17 | Y100: {=IFERROR(INDEX('Strategy Watchlist'!Z:Z,MATCH($A100,'Strategy Watchlist'!$A:$A,0)),"Not Found")} -> https://www.tradingview.com/chart/9cT1VRvW/
A101: =D101&"|"&E101&"|"&F101&"|"&G101 -> [da58bf67]|NEAR|Trendhoo|30m | B101: active | C101: =H101/$F$95 -> 0.24 | D101: [da58bf67] | E101: NEAR | F101: Trendhoo | G101: 30m | H101: 24000 | I101: =H101*0.21 -> 5040 | J101: 4500 | K101: 180 | L101: {=IFERROR(INDEX('Strategy Watchlist'!L:L,MATCH($A101,'Strategy Watchlist'!$A:$A,0)),"Not Found")} -> 5.9785235 | M101: {=IFERROR(INDEX('Strategy Watchlist'!M:M,MATCH($A101,'Strategy Watchlist'!$A:$A,0)),"Not Found")} -> 188 | N101: {=IFERROR(INDEX('Strategy Watchlist'!N:N,MATCH($A101,'Strategy Watchlist'!$A:$A,0)),"Not Found")} -> 45802 | O101: {=IFERROR(INDEX('Strategy Watchlist'!P:P,MATCH($A101,'Strategy Watchlist'!$A:$A,0)),"Not Found")} -> 0.27 | P101: {=IFERROR(INDEX('Strategy Watchlist'!Q:Q,MATCH($A101,'Strategy Watchlist'!$A:$A,0)),"Not Found")} -> 0 | Q101: {=IFERROR(INDEX('Strategy Watchlist'!R:R,MATCH($A101,'Strategy Watchlist'!$A:$A,0)),"Not Found")} -> 4.76 | R101: {=IFERROR(INDEX('Strategy Watchlist'!S:S,MATCH($A101,'Strategy Watchlist'!$A:$A,0)),"Not Found")} -> 1.93 | S101: {=IFERROR(INDEX('Strategy Watchlist'!T:T,MATCH($A101,'Strategy Watchlist'!$A:$A,0)),"Not Found")} -> 1.34 | T101: {=IFERROR(INDEX('Strategy Watchlist'!U:U,MATCH($A101,'Strategy Watchlist'!$A:$A,0)),"Not Found")} -> 2.3 | U101: {=IFERROR(INDEX('Strategy Watchlist'!V:V,MATCH($A101,'Strategy Watchlist'!$A:$A,0)),"Not Found")} -> 0.08 | V101: {=IFERROR(INDEX('Strategy Watchlist'!W:W,MATCH($A101,'Strategy Watchlist'!$A:$A,0)),"Not Found")} -> 1.26 | W101: {=IFERROR(INDEX('Strategy Watchlist'!X:X,MATCH($A101,'Strategy Watchlist'!$A:$A,0)),"Not Found")} -> 1.01 | X101: {=IFERROR(INDEX('Strategy Watchlist'!Y:Y,MATCH($A101,'Strategy Watchlist'!$A:$A,0)),"Not Found")} -> 5.82 | Y101: {=IFERROR(INDEX('Strategy Watchlist'!Z:Z,MATCH($A101,'Strategy Watchlist'!$A:$A,0)),"Not Found")} -> https://www.tradingview.com/chart/CsNPJ40O/ | AU101: toWatch | AW101: NEAR | AX101: Trendhoo | AY101: =44.54/7.45 -> 5.9785235 | AZ101: 188 | BA101: 30m | BB101: 45802 | BC101: -0.16 | BD101: 4.76 | BE101: 1.93 | BF101: 1.34 | BG101: 2.3 | BH101: 0.08 | BI101: 1.26 | BJ101: 1.01 | BK101: 5.82 | BL101: [da58bf67] | BM101: https://daviddtech.com/strategy/fishyink-stiffsurge-nearusdt-1h-03-12-2024-copy/
A102: =D102&"|"&E102&"|"&F102&"|"&G102 -> [4a2ddf14]|AAVE|McGlinley|45m | B102: active | C102: =H102/$F$95 -> 0.3 | D102: [4a2ddf14] | E102: AAVE | F102: McGlinley | G102: 45m | H102: 30000 | I102: =H102*0.21 -> 6300 | J102: =I102 -> 6300 | K102: 400 | L102: {=IFERROR(INDEX('Strategy Watchlist'!L:L,MATCH($A102,'Strategy Watchlist'!$A:$A,0)),"Not Found")} -> 2.6694915 | M102: {=IFERROR(INDEX('Strategy Watchlist'!M:M,MATCH($A102,'Strategy Watchlist'!$A:$A,0)),"Not Found")} -> 317 | N102: {=IFERROR(INDEX('Strategy Watchlist'!N:N,MATCH($A102,'Strategy Watchlist'!$A:$A,0)),"Not Found")} -> 45682 | O102: {=IFERROR(INDEX('Strategy Watchlist'!P:P,MATCH($A102,'Strategy Watchlist'!$A:$A,0)),"Not Found")} -> 2.66 | P102: {=IFERROR(INDEX('Strategy Watchlist'!Q:Q,MATCH($A102,'Strategy Watchlist'!$A:$A,0)),"Not Found")} -> -0.85 | Q102: {=IFERROR(INDEX('Strategy Watchlist'!R:R,MATCH($A102,'Strategy Watchlist'!$A:$A,0)),"Not Found")} -> 3.55 | R102: {=IFERROR(INDEX('Strategy Watchlist'!S:S,MATCH($A102,'Strategy Watchlist'!$A:$A,0)),"Not Found")} -> 1.77 | S102: {=IFERROR(INDEX('Strategy Watchlist'!T:T,MATCH($A102,'Strategy Watchlist'!$A:$A,0)),"Not Found")} -> 1.63 | T102: {=IFERROR(INDEX('Strategy Watchlist'!U:U,MATCH($A102,'Strategy Watchlist'!$A:$A,0)),"Not Found")} -> -1.84 | U102: {=IFERROR(INDEX('Strategy Watchlist'!V:V,MATCH($A102,'Strategy Watchlist'!$A:$A,0)),"Not Found")} -> 0.2 | V102: {=IFERROR(INDEX('Strategy Watchlist'!W:W,MATCH($A102,'Strategy Watchlist'!$A:$A,0)),"Not Found")} -> -1.49 | W102: {=IFERROR(INDEX('Strategy Watchlist'!X:X,MATCH($A102,'Strategy Watchlist'!$A:$A,0)),"Not Found")} -> 0 | X102: {=IFERROR(INDEX('Strategy Watchlist'!Y:Y,MATCH($A102,'Strategy Watchlist'!$A:$A,0)),"Not Found")} -> 0.28 | Y102: {=IFERROR(INDEX('Strategy Watchlist'!Z:Z,MATCH($A102,'Strategy Watchlist'!$A:$A,0)),"Not Found")} -> https://www.tradingview.com/chart/Xt8Libni/
A103: =D103&"|"&E103&"|"&F103&"|"&G103 -> [f2b236fa]|OP|glitchTrend|1H | B103: active | C103: =H103/$F$95 -> 0.2 | D103: [f2b236fa] | E103: OP | F103: glitchTrend | G103: 1H | H103: 20000 | I103: =H103*0.21 -> 4200 | J103: =I103 -> 4200 | K103: 180 | L103: =57.27/6.84 -> 8.372807 | M103: 409 | N103: 45863 | O103: {=IFERROR(INDEX('Strategy Watchlist'!P:P,MATCH($A103,'Strategy Watchlist'!$A:$A,0)),"Not Found")} -> 2.64 | P103: 0.13 | Q103: 1.69 | R103: 6.07 | S103: -3.19 | T103: 5.27 | U103: 3.43 | V103: 2.02 | W103: 0.08 | X103: 7.85 | Y103: https://daviddtech.com/strategy/hongfei_xx-glitchytrend-opusdt-1h-22-07-2025-copy/ | AU103: =AX103&"|"&AY103&"|"&AZ103&"|"&BA103 -> [f2b236fa]|OP|glitchTrend|1H | AV103: toWatch | AX103: [f2b236fa] | AY103: OP | AZ103: glitchTrend | BA103: 1H | BF103: =57.27/6.84 -> 8.372807 | BG103: 409 | BH103: 45863 | BI103: 0.5 | BJ103: 0.13 | BK103: 1.69 | BL103: 6.07 | BM103: -3.19 | BN103: 5.27 | BO103: 3.43 | BP103: 2.02 | BQ103: 0.08 | BR103: 7.85 | BS103: https://daviddtech.com/strategy/hongfei_xx-glitchytrend-opusdt-1h-22-07-2025-copy/
A104: =D104&"|"&E104&"|"&F104&"|"&G104 -> 3x|95000|100000| | B104: Main 3 | D104: 3x | E104: 95000 | F104: 100000
A105: =D105&"|"&E105&"|"&F105&"|"&G105 -> [0c4624b7]|SOL|volVangard|30m | B105: active | C105: =H105/$F$81 -> 0.3 | D105: [0c4624b7] | E105: SOL | F105: volVangard | G105: 30m | H105: 30000 | I105: =H105*0.21 -> 6300 | J105: 2500 | K105: 300 | L105: {=IFERROR(INDEX('Strategy Watchlist'!L:L,MATCH($A105,'Strategy Watchlist'!$A:$A,0)),"Not Found")} -> 9.5332198 | M105: {=IFERROR(INDEX('Strategy Watchlist'!M:M,MATCH($A105,'Strategy Watchlist'!$A:$A,0)),"Not Found")} -> 118 | N105: {=IFERROR(INDEX('Strategy Watchlist'!N:N,MATCH($A105,'Strategy Watchlist'!$A:$A,0)),"Not Found")} -> 45772 | O105: {=IFERROR(INDEX('Strategy Watchlist'!P:P,MATCH($A105,'Strategy Watchlist'!$A:$A,0)),"Not Found")} -> -0.99 | P105: {=IFERROR(INDEX('Strategy Watchlist'!Q:Q,MATCH($A105,'Strategy Watchlist'!$A:$A,0)),"Not Found")} -> 4.09 | Q105: {=IFERROR(INDEX('Strategy Watchlist'!R:R,MATCH($A105,'Strategy Watchlist'!$A:$A,0)),"Not Found")} -> 0.37 | R105: {=IFERROR(INDEX('Strategy Watchlist'!S:S,MATCH($A105,'Strategy Watchlist'!$A:$A,0)),"Not Found")} -> -3.58 | S105: {=IFERROR(INDEX('Strategy Watchlist'!T:T,MATCH($A105,'Strategy Watchlist'!$A:$A,0)),"Not Found")} -> 6.51 | T105: {=IFERROR(INDEX('Strategy Watchlist'!U:U,MATCH($A105,'Strategy Watchlist'!$A:$A,0)),"Not Found")} -> -0.43 | U105: {=IFERROR(INDEX('Strategy Watchlist'!V:V,MATCH($A105,'Strategy Watchlist'!$A:$A,0)),"Not Found")} -> 5.78 | V105: {=IFERROR(INDEX('Strategy Watchlist'!W:W,MATCH($A105,'Strategy Watchlist'!$A:$A,0)),"Not Found")} -> -0.64 | W105: {=IFERROR(INDEX('Strategy Watchlist'!X:X,MATCH($A105,'Strategy Watchlist'!$A:$A,0)),"Not Found")} -> 1.32 | X105: {=IFERROR(INDEX('Strategy Watchlist'!Y:Y,MATCH($A105,'Strategy Watchlist'!$A:$A,0)),"Not Found")} -> 0.33 | Y105: {=IFERROR(INDEX('Strategy Watchlist'!Z:Z,MATCH($A105,'Strategy Watchlist'!$A:$A,0)),"Not Found")} -> https://www.tradingview.com/chart/tJDJVri5/
A106: =D106&"|"&E106&"|"&F106&"|"&G106 -> [04ea3071]|BTC|AI vs Ninja Turtle|76min | B106: active | C106: =H106/$F$81 -> 0.3 | D106: [04ea3071] | E106: BTC | F106: AI vs Ninja Turtle | G106: 76min | H106: 30000 | I106: =H106*0.21 -> 6300 | J106: =I106 -> 6300 | K106: 300 | L106: =37.21/4.33 -> 8.5935335 | M106: 78 | N106: 45682 | O106: {=IFERROR(INDEX('Strategy Watchlist'!P:P,MATCH($A106,'Strategy Watchlist'!$A:$A,0)),"Not Found")} -> 1.67 | P106: 0.99 | Q106: -0.22 | R106: 2.83 | S106: -1.36 | T106: 3.58 | U106: -0.43 | V106: 1.13 | W106: 1.58 | X106: 3.31 | Y106: https://daviddtech.com/strategy/igorek-aivsnn-btcusdt-76m-22-10-2024-copy/ | AU106: =AX106&"|"&AY106&"|"&AZ106&"|"&BA106 -> [04ea3071]|BTC|AI vs Ninja Turtle|76min | AV106: active | AX106: [04ea3071] | AY106: BTC | AZ106: AI vs Ninja Turtle | BA106: 76min | BF106: =37.21/4.33 -> 8.5935335 | BG106: 78 | BH106: 45682 | BI106: 0.99 | BJ106: -0.22 | BK106: 2.83 | BL106: -1.36 | BM106: 3.58 | BN106: -0.43 | BO106: 1.13 | BP106: 1.58 | BQ106: 3.31 | BR106: https://daviddtech.com/strategy/igorek-aivsnn-btcusdt-76m-22-10-2024-copy/
A107: =D107&"|"&E107&"|"&F107&"|"&G107 -> [1adc9501]|ETH|DeadZone|1H | B107: active | C107: =H107/$F$81 -> 0.3 | D107: [1adc9501] | E107: ETH | F107: DeadZone | G107: 1H | H107: 30000 | I107: =H107*0.21 -> 6300 | J107: =I107 -> 6300 | K107: 300 | L107: =33.14/3.94 -> 8.4111675 | M107: 134 | N107: 45802 | O107: {=IFERROR(INDEX('Strategy Watchlist'!P:P,MATCH($A107,'Strategy Watchlist'!$A:$A,0)),"Not Found")} -> 0.51 | P107: {=IFERROR(INDEX('Strategy Watchlist'!Q:Q,MATCH($A107,'Strategy Watchlist'!$A:$A,0)),"Not Found")} -> 0.63 | Q107: {=IFERROR(INDEX('Strategy Watchlist'!R:R,MATCH($A107,'Strategy Watchlist'!$A:$A,0)),"Not Found")} -> 4.53 | R107: {=IFERROR(INDEX('Strategy Watchlist'!S:S,MATCH($A107,'Strategy Watchlist'!$A:$A,0)),"Not Found")} -> 3.6 | S107: {=IFERROR(INDEX('Strategy Watchlist'!T:T,MATCH($A107,'Strategy Watchlist'!$A:$A,0)),"Not Found")} -> 1.09 | T107: {=IFERROR(INDEX('Strategy Watchlist'!U:U,MATCH($A107,'Strategy Watchlist'!$A:$A,0)),"Not Found")} -> 2.31 | U107: {=IFERROR(INDEX('Strategy Watchlist'!V:V,MATCH($A107,'Strategy Watchlist'!$A:$A,0)),"Not Found")} -> 0.49 | V107: {=IFERROR(INDEX('Strategy Watchlist'!W:W,MATCH($A107,'Strategy Watchlist'!$A:$A,0)),"Not Found")} -> -1.63 | W107: {=IFERROR(INDEX('Strategy Watchlist'!X:X,MATCH($A107,'Strategy Watchlist'!$A:$A,0)),"Not Found")} -> 0.27 | X107: {=IFERROR(INDEX('Strategy Watchlist'!Y:Y,MATCH($A107,'Strategy Watchlist'!$A:$A,0)),"Not Found")} -> 2.35 | Y107: {=IFERROR(INDEX('Strategy Watchlist'!Z:Z,MATCH($A107,'Strategy Watchlist'!$A:$A,0)),"Not Found")} -> https://www.tradingview.com/chart/P8n5vn8V/ | AU107: =AX107&"|"&AY107&"|"&AZ107&"|"&BA107 -> [1adc9501]|ETH|DeadZone|1H | AV107: toWatch | AX107: [1adc9501] | AY107: ETH | AZ107: DeadZone | BA107: 1H | BF107: =33.14/3.94 -> 8.4111675 | BG107: 134 | BH107: 45802 | BI107: 1.19 | BJ107: 0.63 | BK107: 4.53 | BL107: 3.6 | BM107: 1.09 | BN107: 2.31 | BO107: 0.49 | BP107: -1.63 | BQ107: 0.27 | BR107: 2.35 | BS107: https://daviddtech.com/strategy/eth_deadzone_1hr-copy-croc5455/
A108: =D108&"|"&E108&"|"&F108&"|"&G108 -> 7x|95000|100000| | B108: Main 4 | D108: 7x | E108: 95000 | F108: 100000
A109: =D109&"|"&E109&"|"&F109&"|"&G109 -> [a9aeb4cc]|ETH|McGinley|90m | B109: active | C109: =H109/$F$81 -> 0.24 | D109: [a9aeb4cc] | E109: ETH | F109: McGinley | G109: 90m | H109: 24000 | I109: =H109*0.21 -> 5040 | J109: 5200 | K109: 190 | L109: {=IFERROR(INDEX('Strategy Watchlist'!L:L,MATCH($A109,'Strategy Watchlist'!$A:$A,0)),"Not Found")} -> 7.4173228 | M109: {=IFERROR(INDEX('Strategy Watchlist'!M:M,MATCH($A109,'Strategy Watchlist'!$A:$A,0)),"Not Found")} -> 72 | N109: {=IFERROR(INDEX('Strategy Watchlist'!N:N,MATCH($A109,'Strategy Watchlist'!$A:$A,0)),"Not Found")} -> 45772 | O109: {=IFERROR(INDEX('Strategy Watchlist'!P:P,MATCH($A109,'Strategy Watchlist'!$A:$A,0)),"Not Found")} -> -0.43 | P109: {=IFERROR(INDEX('Strategy Watchlist'!Q:Q,MATCH($A109,'Strategy Watchlist'!$A:$A,0)),"Not Found")} -> -0.39 | Q109: {=IFERROR(INDEX('Strategy Watchlist'!R:R,MATCH($A109,'Strategy Watchlist'!$A:$A,0)),"Not Found")} -> 2.45 | R109: {=IFERROR(INDEX('Strategy Watchlist'!S:S,MATCH($A109,'Strategy Watchlist'!$A:$A,0)),"Not Found")} -> -0.24 | S109: {=IFERROR(INDEX('Strategy Watchlist'!T:T,MATCH($A109,'Strategy Watchlist'!$A:$A,0)),"Not Found")} -> 0.53 | T109: {=IFERROR(INDEX('Strategy Watchlist'!U:U,MATCH($A109,'Strategy Watchlist'!$A:$A,0)),"Not Found")} -> 2.38 | U109: {=IFERROR(INDEX('Strategy Watchlist'!V:V,MATCH($A109,'Strategy Watchlist'!$A:$A,0)),"Not Found")} -> 0.94 | V109: {=IFERROR(INDEX('Strategy Watchlist'!W:W,MATCH($A109,'Strategy Watchlist'!$A:$A,0)),"Not Found")} -> 0 | W109: {=IFERROR(INDEX('Strategy Watchlist'!X:X,MATCH($A109,'Strategy Watchlist'!$A:$A,0)),"Not Found")} -> 2.77 | X109: {=IFERROR(INDEX('Strategy Watchlist'!Y:Y,MATCH($A109,'Strategy Watchlist'!$A:$A,0)),"Not Found")} -> -0.13 | Y109: {=IFERROR(INDEX('Strategy Watchlist'!Z:Z,MATCH($A109,'Strategy Watchlist'!$A:$A,0)),"Not Found")} -> https://www.tradingview.com/chart/dPRT8fSK/
A110: =D110&"|"&E110&"|"&F110&"|"&G110 -> [0436a8e8]|SOL|Trendhoo|90m | B110: active | C110: =H110/$F$81 -> 0.3 | D110: [0436a8e8] | E110: SOL | F110: Trendhoo | G110: 90m | H110: 30000 | I110: =H110*0.21 -> 6300 | J110: =I110 -> 6300 | K110: 200 | L110: =20.84/4.13 -> 5.0460048 | M110: 327 | N110: 45863 | O110: {=IFERROR(INDEX('Strategy Watchlist'!P:P,MATCH($A110,'Strategy Watchlist'!$A:$A,0)),"Not Found")} -> -0.58 | P110: {=IFERROR(INDEX('Strategy Watchlist'!Q:Q,MATCH($A110,'Strategy Watchlist'!$A:$A,0)),"Not Found")} -> 2.3 | Q110: {=IFERROR(INDEX('Strategy Watchlist'!R:R,MATCH($A110,'Strategy Watchlist'!$A:$A,0)),"Not Found")} -> 0.88 | R110: {=IFERROR(INDEX('Strategy Watchlist'!S:S,MATCH($A110,'Strategy Watchlist'!$A:$A,0)),"Not Found")} -> 0.88 | S110: {=IFERROR(INDEX('Strategy Watchlist'!T:T,MATCH($A110,'Strategy Watchlist'!$A:$A,0)),"Not Found")} -> -0.19 | T110: {=IFERROR(INDEX('Strategy Watchlist'!U:U,MATCH($A110,'Strategy Watchlist'!$A:$A,0)),"Not Found")} -> -0.1 | U110: {=IFERROR(INDEX('Strategy Watchlist'!V:V,MATCH($A110,'Strategy Watchlist'!$A:$A,0)),"Not Found")} -> -0.52 | V110: {=IFERROR(INDEX('Strategy Watchlist'!W:W,MATCH($A110,'Strategy Watchlist'!$A:$A,0)),"Not Found")} -> 1.11 | W110: {=IFERROR(INDEX('Strategy Watchlist'!X:X,MATCH($A110,'Strategy Watchlist'!$A:$A,0)),"Not Found")} -> 2.02 | X110: {=IFERROR(INDEX('Strategy Watchlist'!Y:Y,MATCH($A110,'Strategy Watchlist'!$A:$A,0)),"Not Found")} -> 2.73 | Y110: https://daviddtech.com/strategy/borawx-trendhoov5-solusdt-90m-30-07-copy/ | AU110: =AX110&"|"&AY110&"|"&AZ110&"|"&BA110 -> [0436a8e8]|SOL|Trendhoo|90m | AV110: active | AW110: 0.2 | AX110: [0436a8e8] | AY110: SOL | AZ110: Trendhoo | BA110: 90m | BF110: =20.84/4.13 -> 5.0460048 | BG110: 327 | BH110: 45863 | BI110: 0.72 | BJ110: 1.94 | BK110: 0.74 | BL110: 0.74 | BM110: -0.19 | BN110: -0.1 | BO110: -0.52 | BP110: 1.11 | BQ110: 2.02 | BR110: 2.73 | BS110: https://daviddtech.com/strategy/borawx-trendhoov5-solusdt-90m-30-07-copy/
A113: =D113&"|"&E113&"|"&F113&"|"&G113 -> 5x|BTC|DCA|30m | B113: active | D113: 5x | E113: BTC | F113: DCA | G113: 30m | H113: 2683 | I113: 5 | J113: =H113*I113 -> 13415
A116: =D116&"|"&E116&"|"&F116&"|"&G116 -> ||| | L116: {=IFERROR(INDEX('Strategy Watchlist'!L:L,MATCH($A116,'Strategy Watchlist'!$A:$A,0)),"Not Found")} -> 0
A117: =D117&"|"&E117&"|"&F117&"|"&G117 -> |50000|| | B117: Taurus 1 7x | E117: 50000
A118: =D118&"|"&E118&"|"&F118&"|"&G118 -> [3111f1fd]|NEAR|Stiff Surge|1H | B118: active | C118: =H118/$E$117 -> 0.3 | D118: [3111f1fd] | E118: NEAR | F118: Stiff Surge | G118: 1H | H118: 15000 | I118: =H118*0.21 -> 3150 | J118: =I118 -> 3150 | K118: 160 | L118: {=IFERROR(INDEX('Strategy Watchlist'!L:L,MATCH($A118,'Strategy Watchlist'!$A:$A,0)),"Not Found")} -> 3.1660517 | M118: {=IFERROR(INDEX('Strategy Watchlist'!M:M,MATCH($A118,'Strategy Watchlist'!$A:$A,0)),"Not Found")} -> 237 | N118: {=IFERROR(INDEX('Strategy Watchlist'!N:N,MATCH($A118,'Strategy Watchlist'!$A:$A,0)),"Not Found")} -> 45717 | O118: {=IFERROR(INDEX('Strategy Watchlist'!P:P,MATCH($A118,'Strategy Watchlist'!$A:$A,0)),"Not Found")} -> -1.39 | P118: {=IFERROR(INDEX('Strategy Watchlist'!Q:Q,MATCH($A118,'Strategy Watchlist'!$A:$A,0)),"Not Found")} -> 0.56 | Q118: {=IFERROR(INDEX('Strategy Watchlist'!R:R,MATCH($A118,'Strategy Watchlist'!$A:$A,0)),"Not Found")} -> -0.43 | R118: {=IFERROR(INDEX('Strategy Watchlist'!S:S,MATCH($A118,'Strategy Watchlist'!$A:$A,0)),"Not Found")} -> -0.45 | S118: {=IFERROR(INDEX('Strategy Watchlist'!T:T,MATCH($A118,'Strategy Watchlist'!$A:$A,0)),"Not Found")} -> 4.99 | T118: {=IFERROR(INDEX('Strategy Watchlist'!U:U,MATCH($A118,'Strategy Watchlist'!$A:$A,0)),"Not Found")} -> 4.37 | U118: {=IFERROR(INDEX('Strategy Watchlist'!V:V,MATCH($A118,'Strategy Watchlist'!$A:$A,0)),"Not Found")} -> -1.47 | V118: {=IFERROR(INDEX('Strategy Watchlist'!W:W,MATCH($A118,'Strategy Watchlist'!$A:$A,0)),"Not Found")} -> 1.85 | W118: {=IFERROR(INDEX('Strategy Watchlist'!X:X,MATCH($A118,'Strategy Watchlist'!$A:$A,0)),"Not Found")} -> -0.11 | X118: {=IFERROR(INDEX('Strategy Watchlist'!Y:Y,MATCH($A118,'Strategy Watchlist'!$A:$A,0)),"Not Found")} -> 1.53 | Y118: {=IFERROR(INDEX('Strategy Watchlist'!Z:Z,MATCH($A118,'Strategy Watchlist'!$A:$A,0)),"Not Found")} -> https://www.tradingview.com/chart/Q9MeKvVC/
A119: =D119&"|"&E119&"|"&F119&"|"&G119 -> [6dcd4dc9]|ETH|precisionTrend|30m | B119: active | C119: =H119/$E$117 -> 0.3 | D119: [6dcd4dc9] | E119: ETH | F119: precisionTrend | G119: 30m | H119: 15000 | I119: =H119*0.21 -> 3150 | J119: 4600 | K119: 180 | L119: {=IFERROR(INDEX('Strategy Watchlist'!L:L,MATCH($A119,'Strategy Watchlist'!$A:$A,0)),"Not Found")} -> 9.211236 | M119: {=IFERROR(INDEX('Strategy Watchlist'!M:M,MATCH($A119,'Strategy Watchlist'!$A:$A,0)),"Not Found")} -> 312 | N119: {=IFERROR(INDEX('Strategy Watchlist'!N:N,MATCH($A119,'Strategy Watchlist'!$A:$A,0)),"Not Found")} -> 45772 | O119: {=IFERROR(INDEX('Strategy Watchlist'!P:P,MATCH($A119,'Strategy Watchlist'!$A:$A,0)),"Not Found")} -> 1.07 | P119: {=IFERROR(INDEX('Strategy Watchlist'!Q:Q,MATCH($A119,'Strategy Watchlist'!$A:$A,0)),"Not Found")} -> -2.52 | Q119: {=IFERROR(INDEX('Strategy Watchlist'!R:R,MATCH($A119,'Strategy Watchlist'!$A:$A,0)),"Not Found")} -> 1.84 | R119: {=IFERROR(INDEX('Strategy Watchlist'!S:S,MATCH($A119,'Strategy Watchlist'!$A:$A,0)),"Not Found")} -> 3.9 | S119: {=IFERROR(INDEX('Strategy Watchlist'!T:T,MATCH($A119,'Strategy Watchlist'!$A:$A,0)),"Not Found")} -> 1.37 | T119: {=IFERROR(INDEX('Strategy Watchlist'!U:U,MATCH($A119,'Strategy Watchlist'!$A:$A,0)),"Not Found")} -> 6.22 | U119: {=IFERROR(INDEX('Strategy Watchlist'!V:V,MATCH($A119,'Strategy Watchlist'!$A:$A,0)),"Not Found")} -> 3 | V119: {=IFERROR(INDEX('Strategy Watchlist'!W:W,MATCH($A119,'Strategy Watchlist'!$A:$A,0)),"Not Found")} -> 3.99 | W119: {=IFERROR(INDEX('Strategy Watchlist'!X:X,MATCH($A119,'Strategy Watchlist'!$A:$A,0)),"Not Found")} -> 0.93 | X119: {=IFERROR(INDEX('Strategy Watchlist'!Y:Y,MATCH($A119,'Strategy Watchlist'!$A:$A,0)),"Not Found")} -> 2.21 | Y119: {=IFERROR(INDEX('Strategy Watchlist'!Z:Z,MATCH($A119,'Strategy Watchlist'!$A:$A,0)),"Not Found")} -> https://www.tradingview.com/chart/YxD2lfI2/
A120: =D120&"|"&E120&"|"&F120&"|"&G120 -> [17ab2738]|ARB|stiff Surge|45m | B120: active | C120: =H120/$E$117 -> 0.44 | D120: [17ab2738] | E120: ARB | F120: stiff Surge | G120: 45m | H120: 22000 | I120: =H120*0.21 -> 4620 | J120: 8000 | K120: 200 | L120: {=IFERROR(INDEX('Strategy Watchlist'!L:L,MATCH($A120,'Strategy Watchlist'!$A:$A,0)),"Not Found")} -> 10.965644 | M120: {=IFERROR(INDEX('Strategy Watchlist'!M:M,MATCH($A120,'Strategy Watchlist'!$A:$A,0)),"Not Found")} -> 824 | N120: {=IFERROR(INDEX('Strategy Watchlist'!N:N,MATCH($A120,'Strategy Watchlist'!$A:$A,0)),"Not Found")} -> 45689 | O120: {=IFERROR(INDEX('Strategy Watchlist'!P:P,MATCH($A120,'Strategy Watchlist'!$A:$A,0)),"Not Found")} -> -1.7 | P120: {=IFERROR(INDEX('Strategy Watchlist'!Q:Q,MATCH($A120,'Strategy Watchlist'!$A:$A,0)),"Not Found")} -> -6.85 | Q120: {=IFERROR(INDEX('Strategy Watchlist'!R:R,MATCH($A120,'Strategy Watchlist'!$A:$A,0)),"Not Found")} -> 1.99 | R120: {=IFERROR(INDEX('Strategy Watchlist'!S:S,MATCH($A120,'Strategy Watchlist'!$A:$A,0)),"Not Found")} -> 6.96 | S120: {=IFERROR(INDEX('Strategy Watchlist'!T:T,MATCH($A120,'Strategy Watchlist'!$A:$A,0)),"Not Found")} -> 8.074 | T120: {=IFERROR(INDEX('Strategy Watchlist'!U:U,MATCH($A120,'Strategy Watchlist'!$A:$A,0)),"Not Found")} -> 11.5 | U120: {=IFERROR(INDEX('Strategy Watchlist'!V:V,MATCH($A120,'Strategy Watchlist'!$A:$A,0)),"Not Found")} -> 2.75 | V120: {=IFERROR(INDEX('Strategy Watchlist'!W:W,MATCH($A120,'Strategy Watchlist'!$A:$A,0)),"Not Found")} -> 2.57 | W120: {=IFERROR(INDEX('Strategy Watchlist'!X:X,MATCH($A120,'Strategy Watchlist'!$A:$A,0)),"Not Found")} -> 6.31 | X120: {=IFERROR(INDEX('Strategy Watchlist'!Y:Y,MATCH($A120,'Strategy Watchlist'!$A:$A,0)),"Not Found")} -> 7.91 | Y120: {=IFERROR(INDEX('Strategy Watchlist'!Z:Z,MATCH($A120,'Strategy Watchlist'!$A:$A,0)),"Not Found")} -> https://www.tradingview.com/chart/EjQUtmuc/
A121: =D121&"|"&E121&"|"&F121&"|"&G121 -> |PePe|T3 Nexus|30m | B121: active | C121: =H121/$E$117 -> 0.2 | E121: PePe | F121: T3 Nexus | G121: 30m | H121: 10000 | I121: =H121*0.21 -> 2100 | J121: 2620 | K121: 150 | L121: {=IFERROR(INDEX('Strategy Watchlist'!L:L,MATCH($A121,'Strategy Watchlist'!$A:$A,0)),"Not Found")} -> 0.82275229 | M121: {=IFERROR(INDEX('Strategy Watchlist'!M:M,MATCH($A121,'Strategy Watchlist'!$A:$A,0)),"Not Found")} -> 748 | N121: {=IFERROR(INDEX('Strategy Watchlist'!N:N,MATCH($A121,'Strategy Watchlist'!$A:$A,0)),"Not Found")} -> 45662 | O121: {=IFERROR(INDEX('Strategy Watchlist'!P:P,MATCH($A121,'Strategy Watchlist'!$A:$A,0)),"Not Found")} -> -8.96 | P121: {=IFERROR(INDEX('Strategy Watchlist'!Q:Q,MATCH($A121,'Strategy Watchlist'!$A:$A,0)),"Not Found")} -> -0.19 | Q121: {=IFERROR(INDEX('Strategy Watchlist'!R:R,MATCH($A121,'Strategy Watchlist'!$A:$A,0)),"Not Found")} -> 6.1 | R121: {=IFERROR(INDEX('Strategy Watchlist'!S:S,MATCH($A121,'Strategy Watchlist'!$A:$A,0)),"Not Found")} -> 3.29 | S121: {=IFERROR(INDEX('Strategy Watchlist'!T:T,MATCH($A121,'Strategy Watchlist'!$A:$A,0)),"Not Found")} -> 1.47 | T121: {=IFERROR(INDEX('Strategy Watchlist'!U:U,MATCH($A121,'Strategy Watchlist'!$A:$A,0)),"Not Found")} -> 6.2 | U121: {=IFERROR(INDEX('Strategy Watchlist'!V:V,MATCH($A121,'Strategy Watchlist'!$A:$A,0)),"Not Found")} -> -4.5 | V121: {=IFERROR(INDEX('Strategy Watchlist'!W:W,MATCH($A121,'Strategy Watchlist'!$A:$A,0)),"Not Found")} -> 4.74 | W121: {=IFERROR(INDEX('Strategy Watchlist'!X:X,MATCH($A121,'Strategy Watchlist'!$A:$A,0)),"Not Found")} -> 1.16 | X121: {=IFERROR(INDEX('Strategy Watchlist'!Y:Y,MATCH($A121,'Strategy Watchlist'!$A:$A,0)),"Not Found")} -> 7.62 | Y121: {=IFERROR(INDEX('Strategy Watchlist'!Z:Z,MATCH($A121,'Strategy Watchlist'!$A:$A,0)),"Not Found")} -> https://www.tradingview.com/chart/Kj5ZGHdw/
A122: =D122&"|"&E122&"|"&F122&"|"&G122 -> |DOGE|MACD|45m | B122: active | C122: =H122/$E$117 -> 0.24 | E122: DOGE | F122: MACD | G122: 45m | H122: 12000 | I122: =H122*0.21 -> 2520 | J122: 3000 | K122: 180 | L122: {=IFERROR(INDEX('Strategy Watchlist'!L:L,MATCH($A122,'Strategy Watchlist'!$A:$A,0)),"Not Found")} -> 6.8331771 | M122: {=IFERROR(INDEX('Strategy Watchlist'!M:M,MATCH($A122,'Strategy Watchlist'!$A:$A,0)),"Not Found")} -> 147 | N122: {=IFERROR(INDEX('Strategy Watchlist'!N:N,MATCH($A122,'Strategy Watchlist'!$A:$A,0)),"Not Found")} -> 45662 | O122: {=IFERROR(INDEX('Strategy Watchlist'!P:P,MATCH($A122,'Strategy Watchlist'!$A:$A,0)),"Not Found")} -> -3.88 | P122: {=IFERROR(INDEX('Strategy Watchlist'!Q:Q,MATCH($A122,'Strategy Watchlist'!$A:$A,0)),"Not Found")} -> 5.91 | Q122: {=IFERROR(INDEX('Strategy Watchlist'!R:R,MATCH($A122,'Strategy Watchlist'!$A:$A,0)),"Not Found")} -> -0.08 | R122: {=IFERROR(INDEX('Strategy Watchlist'!S:S,MATCH($A122,'Strategy Watchlist'!$A:$A,0)),"Not Found")} -> 4.72 | S122: {=IFERROR(INDEX('Strategy Watchlist'!T:T,MATCH($A122,'Strategy Watchlist'!$A:$A,0)),"Not Found")} -> 8.93 | T122: {=IFERROR(INDEX('Strategy Watchlist'!U:U,MATCH($A122,'Strategy Watchlist'!$A:$A,0)),"Not Found")} -> 2.69 | U122: {=IFERROR(INDEX('Strategy Watchlist'!V:V,MATCH($A122,'Strategy Watchlist'!$A:$A,0)),"Not Found")} -> 2.04 | V122: {=IFERROR(INDEX('Strategy Watchlist'!W:W,MATCH($A122,'Strategy Watchlist'!$A:$A,0)),"Not Found")} -> 5.31 | W122: {=IFERROR(INDEX('Strategy Watchlist'!X:X,MATCH($A122,'Strategy Watchlist'!$A:$A,0)),"Not Found")} -> 0.72 | X122: {=IFERROR(INDEX('Strategy Watchlist'!Y:Y,MATCH($A122,'Strategy Watchlist'!$A:$A,0)),"Not Found")} -> 3.27 | Y122: {=IFERROR(INDEX('Strategy Watchlist'!Z:Z,MATCH($A122,'Strategy Watchlist'!$A:$A,0)),"Not Found")} -> https://www.tradingview.com/chart/Dvd9vGt5/
A123: =D123&"|"&E123&"|"&F123&"|"&G123 -> |LINK|McGinley|45m | B123: active | C123: =H123/$E$117 -> 0.4 | E123: LINK | F123: McGinley | G123: 45m | H123: 20000 | I123: =H123*0.21 -> 4200 | J123: 4600 | K123: 160 | L123: {=IFERROR(INDEX('Strategy Watchlist'!L:L,MATCH($A123,'Strategy Watchlist'!$A:$A,0)),"Not Found")} -> 7.7349823 | M123: {=IFERROR(INDEX('Strategy Watchlist'!M:M,MATCH($A123,'Strategy Watchlist'!$A:$A,0)),"Not Found")} -> 147 | N123: {=IFERROR(INDEX('Strategy Watchlist'!N:N,MATCH($A123,'Strategy Watchlist'!$A:$A,0)),"Not Found")} -> 45802 | O123: {=IFERROR(INDEX('Strategy Watchlist'!P:P,MATCH($A123,'Strategy Watchlist'!$A:$A,0)),"Not Found")} -> -0.55 | P123: {=IFERROR(INDEX('Strategy Watchlist'!Q:Q,MATCH($A123,'Strategy Watchlist'!$A:$A,0)),"Not Found")} -> -1.1 | Q123: {=IFERROR(INDEX('Strategy Watchlist'!R:R,MATCH($A123,'Strategy Watchlist'!$A:$A,0)),"Not Found")} -> 2.98 | R123: {=IFERROR(INDEX('Strategy Watchlist'!S:S,MATCH($A123,'Strategy Watchlist'!$A:$A,0)),"Not Found")} -> 2.97 | S123: {=IFERROR(INDEX('Strategy Watchlist'!T:T,MATCH($A123,'Strategy Watchlist'!$A:$A,0)),"Not Found")} -> 2.9 | T123: {=IFERROR(INDEX('Strategy Watchlist'!U:U,MATCH($A123,'Strategy Watchlist'!$A:$A,0)),"Not Found")} -> 2 | U123: {=IFERROR(INDEX('Strategy Watchlist'!V:V,MATCH($A123,'Strategy Watchlist'!$A:$A,0)),"Not Found")} -> 2.24 | V123: {=IFERROR(INDEX('Strategy Watchlist'!W:W,MATCH($A123,'Strategy Watchlist'!$A:$A,0)),"Not Found")} -> 0.79 | W123: {=IFERROR(INDEX('Strategy Watchlist'!X:X,MATCH($A123,'Strategy Watchlist'!$A:$A,0)),"Not Found")} -> 0.69 | X123: {=IFERROR(INDEX('Strategy Watchlist'!Y:Y,MATCH($A123,'Strategy Watchlist'!$A:$A,0)),"Not Found")} -> -0.61 | Y123: {=IFERROR(INDEX('Strategy Watchlist'!Z:Z,MATCH($A123,'Strategy Watchlist'!$A:$A,0)),"Not Found")} -> https://www.tradingview.com/chart/elrmSYee/
...

Sheet Strategy Watchlist
A2: KEY | B2: STATUS | C2: RATIO | D2: ID | E2: COIN PAIR | F2: STRATEGY | G2: TIMEFRAME | H2: Initial Capital | I2: Caculated Size | J2: Actual Size | K2: Average PnL Per Trade | L2: NP/DD | M2: Total Trades | N2: LIVE SINCE | O2: NOV | P2: OCT | Q2: SEP | R2: AUG | S2: JULY | T2: JUNE | U2: MAY | V2: APR | W2: MAR | X2: FEB | Y2: JAN | Z2: LINK
A3: =D3&"|"&E3&"|"&F3&"|"&G3 -> [17ab2738]|ARB|stiff Surge|45m | B3: active | C3: 0.5 | D3: [17ab2738] | E3: ARB | F3: stiff Surge | G3: 45m | H3: 20000 | I3: =H3*0.21 -> 4200 | J3: 7500 | K3: 200 | L3: =89.37/8.15 -> 10.965644 | M3: 824 | N3: 45689 | P3: -1.7 | Q3: -6.85 | R3: 1.99 | S3: 6.96 | T3: 8.074 | U3: 11.5 | V3: 2.75 | W3: 2.57 | X3: 6.31 | Y3: 7.91 | Z3: https://www.tradingview.com/chart/EjQUtmuc/
A4: =D4&"|"&E4&"|"&F4&"|"&G4 -> |DOGE|MACD|45m | B4: active | C4: 0.3125 | E4: DOGE | F4: MACD | G4: 45m | H4: 12500 | I4: =H4*0.21 -> 2625 | J4: 4000 | K4: 200 | L4: =72.91/10.67 -> 6.8331771 | M4: 147 | N4: 45662 | P4: -3.88 | Q4: 5.91 | R4: -0.08 | S4: 4.72 | T4: 8.93 | U4: 2.69 | V4: 2.04 | W4: 5.31 | X4: 0.72 | Y4: 3.27 | Z4: https://www.tradingview.com/chart/Dvd9vGt5/
A5: =D5&"|"&E5&"|"&F5&"|"&G5 -> [1b37681c]|XRP|FVMA|2H | B5: Paused | C5: 0.2 | D5: [1b37681c] | E5: XRP | F5: FVMA | G5: 2H | L5: =35.83/11.66 -> 3.0728988 | M5: 125 | N5: 45689 | P5: -5.8 | Q5: -4.27 | R5: -4.31 | S5: 2.27 | T5: 0.01 | U5: 5.5 | V5: -0.93 | W5: 1.54 | X5: 3.47 | Y5: 0.81 | Z5: https://www.tradingview.com/chart/A4cEqLik/
A6: =D6&"|"&E6&"|"&F6&"|"&G6 -> [f80d2657]|PePe|JP Trend|30m | B6: active | C6: 0.2 | D6: [f80d2657] | E6: PePe | F6: JP Trend | G6: 30m | H6: 8000 | I6: =H6*0.21 -> 1680 | J6: 3100 | K6: 120 | L6: =90.96/8.02 -> 11.341646 | M6: 302 | N6: 45662 | P6: 3.05 | Q6: 1.52 | R6: -3.15 | S6: 2.3 | T6: -0.12 | U6: 5.69 | V6: -1.33 | W6: 2.12 | X6: 3.07 | Y6: 3.75 | Z6: https://www.tradingview.com/chart/uNPZ2spK/
A7: =D7&"|"&E7&"|"&F7&"|"&G7 -> |PePe|T3 Nexus|30m | B7: active | C7: 0.15 | E7: PePe | F7: T3 Nexus | G7: 30m | H7: 6000 | I7: =H7*0.21 -> 1260 | J7: 2200 | K7: 100 | L7: =22.42/27.25 -> 0.82275229 | M7: 748 | N7: 45662 | P7: -8.96 | Q7: -0.19 | R7: 6.1 | S7: 3.29 | T7: 1.47 | U7: 6.2 | V7: -4.5 | W7: 4.74 | X7: 1.16 | Y7: 7.62 | Z7: https://www.tradingview.com/chart/Kj5ZGHdw/
A8: =D8&"|"&E8&"|"&F8&"|"&G8 -> [9e41937c]|NEAR|Stiff Surge|45m | B8: active | C8: 0.15 | D8: [9e41937c] | E8: NEAR | F8: Stiff Surge | G8: 45m | L8: =29.32/14.91 -> 1.9664655 | M8: 399 | N8: 45863 | P8: -4.47 | Q8: 0.43 | R8: 1.09 | S8: 7.72 | T8: -3.19 | U8: 6.61 | V8: -0.06 | W8: 1.53 | X8: 1.26 | Y8: 7.1 | Z8: https://www.tradingview.com/chart/2vyQajE2/
A9: =D9&"|"&E9&"|"&F9&"|"&G9 -> |NEAR|Trendhoo|30m | B9: active | C9: 0.15 | E9: NEAR | F9: Trendhoo | G9: 30m | L9: =23.33/7.82 -> 2.983376 | M9: 223 | N9: 45778 | P9: -3.3 | Q9: -0.13 | R9: 0.06 | S9: -1.45 | T9: 2.22 | U9: -0.98 | V9: 1.82 | W9: -0.31 | X9: 1.04 | Y9: 4.2 | Z9: https://www.tradingview.com/chart/WiKMqTet/
A10: =D10&"|"&E10&"|"&F10&"|"&G10 -> [3111f1fd]|NEAR|Stiff Surge|1H | B10: active | C10: 0.15 | D10: [3111f1fd] | E10: NEAR | F10: Stiff Surge | G10: 1H | L10: =34.32/10.84 -> 3.1660517 | M10: 237 | N10: 45717 | P10: -1.39 | Q10: 0.56 | R10: -0.43 | S10: -0.45 | T10: 4.99 | U10: 4.37 | V10: -1.47 | W10: 1.85 | X10: -0.11 | Y10: 1.53 | Z10: https://www.tradingview.com/chart/Q9MeKvVC/
A11: =D11&"|"&E11&"|"&F11&"|"&G11 -> [e92283ec]|HBAR|Heiken-Ashi|30m | B11: active | C11: 0.25 | D11: [e92283ec] | E11: HBAR | F11: Heiken-Ashi | G11: 30m | H11: 10000 | I11: =H11*0.21 -> 2100 | J11: 3000 | K11: 120 | L11: =42.34/6.25 -> 6.7744 | M11: 224 | N11: 45833 | P11: 1.01 | Q11: -1.15 | R11: 0.83 | S11: 1.52 | T11: -0.03 | U11: 4.38 | V11: 1.95 | W11: 1.98 | X11: 4.59 | Y11: -1.3 | Z11: https://www.tradingview.com/chart/ygHXwF84/
A12: =D12&"|"&E12&"|"&F12&"|"&G12 -> [fa32aee4]|LINK|McGinley|45m | B12: active | C12: 0.2 | D12: [fa32aee4] | E12: LINK | F12: McGinley | G12: 45m | H12: 8000 | I12: =H12*0.21 -> 1680 | J12: 3000 | K12: 160 | L12: =78.08/4.68 -> 16.683761 | M12: 176 | N12: 45833 | P12: -2.02 | Q12: 0.36 | R12: 7 | S12: 3.76 | T12: 2.22 | U12: 6.68 | V12: -0.14 | W12: 5.22 | X12: 0 | Y12: 0.13 | Z12: https://www.tradingview.com/chart/CTC73Olh/
A13: =D13&"|"&E13&"|"&F13&"|"&G13 -> |LINK|McGinley|45m | B13: active | C13: 0.3 | E13: LINK | F13: McGinley | G13: 45m | H13: 12000 | I13: =H13*0.21 -> 2520 | J13: 3100 | K13: 100 | L13: =21.89/2.83 -> 7.7349823 | M13: 147 | N13: 45802 | P13: -0.55 | Q13: -1.1 | R13: 2.98 | S13: 2.97 | T13: 2.9 | U13: 2 | V13: 2.24 | W13: 0.79 | X13: 0.69 | Y13: -0.61 | Z13: https://www.tradingview.com/chart/elrmSYee/
A14: =D14&"|"&E14&"|"&F14&"|"&G14 -> [967f469a]|LINK|McGingley|45m | B14: active | C14: 0.3 | D14: [967f469a] | E14: LINK | F14: McGingley | G14: 45m | L14: =29.62/1.48 -> 20.013514 | M14: 83 | N14: 45717 | P14: -1.22 | Q14: 0.61 | R14: 1.39 | S14: 0.12 | T14: 1.48 | U14: 0.54 | V14: 0.91 | W14: 0.02 | X14: 0.97 | Y14: -0.53 | Z14: https://www.tradingview.com/chart/285fzTJB/
A15: =D15&"|"&E15&"|"&F15&"|"&G15 -> |SOL|precisionTrend|45m | B15: active | C15: 0.15 | E15: SOL | F15: precisionTrend | G15: 45m | H15: 6000 | I15: =H15*0.21 -> 1260 | J15: 1800 | K15: 90 | L15: =44.6/8.23 -> 5.4191981 | M15: 145 | N15: 45863 | P15: -4.22 | Q15: -0.15 | R15: -3.28 | S15: 8.13 | T15: 4.33 | U15: 3.41 | V15: -2.52 | W15: 2.55 | X15: 2.18 | Y15: 7.37 | Z15: https://www.tradingview.com/chart/xxzEyDfw/
A16: =D16&"|"&E16&"|"&F16&"|"&G16 -> [0436a8e8]|SOL|Trendhoo|90m | B16: active | C16: 0.2 | D16: [0436a8e8] | E16: SOL | F16: Trendhoo | G16: 90m | L16: =20.84/4.13 -> 5.0460048 | M16: 327 | N16: 45863 | P16: -0.58 | Q16: 2.3 | R16: 0.88 | S16: 0.88 | T16: -0.19 | U16: -0.1 | V16: -0.52 | W16: 1.11 | X16: 2.02 | Y16: 2.73 | Z16: https://www.tradingview.com/chart/lcNgD4pS/
A17: =D17&"|"&E17&"|"&F17&"|"&G17 -> [492724a5]|SOL|TTMS|30m | B17: active | C17: 0.2 | D17: [492724a5] | E17: SOL | F17: TTMS | G17: 30m | L17: =26.9/6.32 -> 4.2563291 | M17: 482 | N17: 45863 | P17: 1.71 | Q17: -0.73 | R17: -2.65 | S17: 1.44 | T17: 1.63 | U17: 2.29 | V17: 0.11 | W17: -0.42 | X17: 2.36 | Y17: 6.03 | Z17: https://www.tradingview.com/chart/iSq6XFCC/
A18: =D18&"|"&E18&"|"&F18&"|"&G18 -> [c2afa489]|ETH|superStrike|1H | B18: active | C18: 0.2 | D18: [c2afa489] | E18: ETH | F18: superStrike | G18: 1H | H18: 8000 | I18: =H18*0.21 -> 1680 | J18: 3300 | K18: 100 | L18: =39.7/3.89 -> 10.205656 | M18: 213 | N18: 45713 | P18: -0.28 | Q18: -2.18 | R18: 1.05 | S18: 4.15 | T18: -3.52 | U18: 3.5 | V18: 2.36 | W18: -0.48 | X18: 1.94 | Y18: 0.32 | Z18: https://www.tradingview.com/chart/rVeFMiU4/
A19: =D19&"|"&E19&"|"&F19&"|"&G19 -> [6dcd4dc9]|ETH|precisionTrend|30m | B19: active | C19: 0.2 | D19: [6dcd4dc9] | E19: ETH | F19: precisionTrend | G19: 30m | H19: 8000 | I19: =H19*0.21 -> 1680 | J19: 6200 | K19: 100 | L19: =81.98/8.9 -> 9.211236 | M19: 312 | N19: 45772 | P19: 1.07 | Q19: -2.52 | R19: 1.84 | S19: 3.9 | T19: 1.37 | U19: 6.22 | V19: 3 | W19: 3.99 | X19: 0.93 | Y19: 2.21 | Z19: https://www.tradingview.com/chart/YxD2lfI2/
A20: =D20&"|"&E20&"|"&F20&"|"&G20 -> [a9aeb4cc]|ETH|McGinley|90m | B20: active | C20: 0.375 | D20: [a9aeb4cc] | E20: ETH | F20: McGinley | G20: 90m | H20: 15000 | I20: =H20*0.21 -> 3150 | J20: 5000 | K20: 120 | L20: =18.84/2.54 -> 7.4173228 | M20: 72 | N20: 45772 | P20: -0.43 | Q20: -0.39 | R20: 2.45 | S20: -0.24 | T20: 0.53 | U20: 2.38 | V20: 0.94 | W20: 0 | X20: 2.77 | Y20: -0.13 | Z20: https://www.tradingview.com/chart/dPRT8fSK/
A23: =D23&"|"&E23&"|"&F23&"|"&G23 -> |APE|precisionTrend|30m | B23: active | C23: 0.375 | E23: APE | F23: precisionTrend | G23: 30m | H23: 15000 | I23: =H23*0.21 -> 3150 | J23: 2500 | K23: 120 | L23: =33.37/8.01 -> 4.1660424 | M23: 278 | N23: 45778 | P23: -0.99 | Q23: 3 | R23: 1.66 | S23: -2.79 | T23: 0.63 | U23: 6.17 | V23: 3.56 | W23: 0.87 | X23: 1.73 | Y23: 3.54 | Z23: https://www.tradingview.com/chart/oDhEAePi/
A24: =D24&"|"&E24&"|"&F24&"|"&G24 -> [fbf06b43]|MNT|Trendhoo|37m | B24: active | C24: 0.2 | D24: [fbf06b43] | E24: MNT | F24: Trendhoo | G24: 37m | L24: =106.85/16.15 -> 6.6160991 | M24: 846 | N24: 45863 | P24: 2.49 | Q24: 6.22 | R24: 2.4 | S24: 14.95 | T24: -0.75 | U24: 2.18 | V24: -6.96 | W24: -0.73 | X24: -1.92 | Y24: 6.73 | Z24: https://www.tradingview.com/chart/2Jtw033J/
A25: =D25&"|"&E25&"|"&F25&"|"&G25 -> [e0ab531e]|ETH|McGinley|2H | B25: active | C25: 0.2 | D25: [e0ab531e] | E25: ETH | F25: McGinley | G25: 2H | H25: 6000 | I25: =H25*0.21 -> 1260 | J25: 2400 | K25: 160 | L25: =30.53/6.28 -> 4.861465 | M25: 103 | N25: 45682 | P25: -2.05 | Q25: 0.35 | R25: 0.34 | S25: 3.99 | T25: 0.22 | U25: 4.67 | V25: 1.73 | W25: 1.04 | X25: 2.34 | Y25: -0.54 | Z25: https://www.tradingview.com/chart/Yh9TaqZE/
A26: =D26&"|"&E26&"|"&F26&"|"&G26 -> [65caeaa0]|ROSE|WolfnBear|1H | B26: active | C26: 0.375 | D26: [65caeaa0] | E26: ROSE | F26: WolfnBear | G26: 1H | H26: 15000 | I26: =H26*0.21 -> 3150 | J26: 4300 | K26: 160 | L26: =30.48/3.34 -> 9.1257485 | M26: 172 | N26: 45682 | P26: 1.04 | Q26: 2.39 | R26: 0.38 | S26: 1.76 | T26: 0.72 | U26: -0.84 | V26: -0.24 | W26: -1.19 | X26: 0.18 | Y26: 2.34 | Z26: https://www.tradingview.com/chart/p2Bvj1LX/
A27: =D27&"|"&E27&"|"&F27&"|"&G27 -> 17.12.2024|ARB|Heiken-Ashi|45m | B27: active | C27: 0.25 | D27: 17.12.2024 | E27: ARB | F27: Heiken-Ashi | G27: 45m | H27: 10000 | I27: =H27*0.21 -> 2100 | J27: 2500 | K27: 90 | L27: =42.36/3.5 -> 12.102857 | M27: 294 | N27: 45772 | P27: -0.88 | Q27: 0.46 | R27: -0.54 | S27: 4.43 | T27: -0.26 | U27: 0.04 | V27: 1.27 | W27: 3.69 | X27: -0.27 | Y27: 3.17 | Z27: https://www.tradingview.com/chart/9cT1VRvW/
A28: =D28&"|"&E28&"|"&F28&"|"&G28 -> [0c4624b7]|SOL|volVangard|30m | B28: active | C28: 0.2 | D28: [0c4624b7] | E28: SOL | F28: volVangard | G28: 30m | H28: 8000 | I28: =H28*0.21 -> 1680 | J28: 2000 | K28: 110 | L28: =55.96/5.87 -> 9.5332198 | M28: 118 | N28: 45772 | P28: -0.99 | Q28: 4.09 | R28: 0.37 | S28: -3.58 | T28: 6.51 | U28: -0.43 | V28: 5.78 | W28: -0.64 | X28: 1.32 | Y28: 0.33 | Z28: https://www.tradingview.com/chart/tJDJVri5/
A29: =D29&"|"&E29&"|"&F29&"|"&G29 -> [1e052093]|SOL|FlashProfit|59m | B29: active | C29: 0.25 | D29: [1e052093] | E29: SOL | F29: FlashProfit | G29: 59m | H29: 10000 | I29: =H29*0.21 -> 2100 | J29: 6000 | K29: 120 | L29: =36.53/8.7 -> 4.1988506 | M29: 567 | N29: 45925 | P29: 0.82 | Q29: 6.44 | R29: 4.43 | S29: -0.32 | T29: 0.78 | U29: 2.03 | V29: 0.72 | W29: 2.39 | X29: 1.96 | Y29: 0.45 | Z29: https://www.tradingview.com/chart/mnGjsgoY/
A30: =D30&"|"&E30&"|"&F30&"|"&G30 -> [04ea3071]|BTC|AI vs Ninja Turtle|76min | B30: active | C30: =H30/50000 -> 0.24 | D30: [04ea3071] | E30: BTC | F30: AI vs Ninja Turtle | G30: 76min | H30: 12000 | I30: =H30*0.21 -> 2520 | J30: 3400 | K30: 100 | L30: =37.21/4.33 -> 8.5935335 | M30: 78 | N30: 45682 | P30: 1.67 | Q30: 2.78 | R30: -0.22 | S30: 2.83 | T30: -1.36 | U30: 3.58 | V30: -0.43 | W30: 1.13 | X30: 1.58 | Y30: 3.31 | Z30: https://www.tradingview.com/chart/cMDH182g/
A31: =D31&"|"&E31&"|"&F31&"|"&G31 -> [b39d1d6e]|PIXEL|WolfnBear|1H | B31: active | D31: [b39d1d6e] | E31: PIXEL | F31: WolfnBear | G31: 1H | L31: =31.6/4.69 -> 6.7377399 | M31: 124 | N31: 45833 | P31: 1.78 | Q31: -0.58 | R31: 2.67 | S31: 4.07 | T31: 2.3 | U31: 1.05 | V31: -1.13 | W31: 0.64 | X31: -0.53 | Y31: -0.16 | Z31: https://www.tradingview.com/chart/7HMGQSsJ/
A32: =D32&"|"&E32&"|"&F32&"|"&G32 -> [4a2ddf14]|AAVE|McGlinley|45m | B32: active | D32: [4a2ddf14] | E32: AAVE | F32: McGlinley | G32: 45m | L32: =12.6/4.72 -> 2.6694915 | M32: 317 | N32: 45682 | P32: 2.66 | Q32: -0.85 | R32: 3.55 | S32: 1.77 | T32: 1.63 | U32: -1.84 | V32: 0.2 | W32: -1.49 | X32: 0 | Y32: 0.28 | Z32: https://www.tradingview.com/chart/Xt8Libni/
A33: =D33&"|"&E33&"|"&F33&"|"&G33 -> [28d1ec8a]|ETH|stiffZone|15m | B33: active | D33: [28d1ec8a] | E33: ETH | F33: stiffZone | G33: 15m | L33: =120.74/4.46 -> 27.071749 | M33: 198 | N33: 45802 | P33: -0.95 | Q33: 0 | R33: 1.42 | S33: 3.95 | T33: 0 | U33: 4.86 | V33: 3.85 | W33: 0 | X33: 0 | Y33: 0 | Z33: https://www.tradingview.com/chart/pLdFOLtD/
A34: =D34&"|"&E34&"|"&F34&"|"&G34 -> 01.01.2025|BTC|AI Ichimaster|3H | B34: active | D34: 01.01.2025 | E34: BTC | F34: AI Ichimaster | G34: 3H | L34: =30.68/3.31 -> 9.2688822 | M34: 61 | N34: 45682 | P34: 0.58 | Q34: -0.03 | R34: -0.85 | S34: 1.01 | T34: -0.85 | U34: 0.78 | V34: 1.42 | W34: 0 | X34: -0.03 | Y34: 0 | Z34: https://www.tradingview.com/chart/6cptM378/
A35: =D35&"|"&E35&"|"&F35&"|"&G35 -> [f2b236fa]|OP|glitchTrend|1H | B35: toWatch | D35: [f2b236fa] | E35: OP | F35: glitchTrend | G35: 1H | L35: =57.27/6.84 -> 8.372807 | M35: 409 | N35: 45863 | P35: 2.64 | Q35: 0.13 | R35: 1.69 | S35: 6.07 | T35: -3.19 | U35: 5.27 | V35: 3.43 | W35: 2.02 | X35: 0.08 | Y35: 7.85 | Z35: https://www.tradingview.com/chart/IMFhBZl2/
A36: =D36&"|"&E36&"|"&F36&"|"&G36 -> [1adc9501]|ETH|DeadZone|1H | B36: toWatch | D36: [1adc9501] | E36: ETH | F36: DeadZone | G36: 1H | L36: =33.14/3.94 -> 8.4111675 | M36: 134 | N36: 45802 | P36: 0.51 | Q36: 0.63 | R36: 4.53 | S36: 3.6 | T36: 1.09 | U36: 2.31 | V36: 0.49 | W36: -1.63 | X36: 0.27 | Y36: 2.35 | Z36: https://www.tradingview.com/chart/P8n5vn8V/
A37: =D37&"|"&E37&"|"&F37&"|"&G37 -> [8a00ecfa]|ADA|JpTrendForce|1H | B37: toWatch | D37: [8a00ecfa] | E37: ADA | F37: JpTrendForce | G37: 1H | L37: =38.28/5.19 -> 7.3757225 | M37: 160 | N37: 45682 | P37: 3.77 | Q37: -1.61 | R37: 1.35 | S37: 2.58 | T37: 3.16 | U37: 1.52 | V37: -1.1 | W37: -1.24 | X37: 0 | Y37: 0 | Z37: https://www.tradingview.com/chart/WLiNME8l/
A38: =D38&"|"&E38&"|"&F38&"|"&G38 -> [37b8aa1a]|ADA|Trendhoo|4H | B38: toWatch | D38: [37b8aa1a] | E38: ADA | F38: Trendhoo | G38: 4H | L38: =10.06/10.29 -> 0.9776482 | M38: 97 | N38: 45682 | P38: 2.18 | Q38: 0.3 | R38: 0.16 | S38: 0.03 | T38: -0.04 | U38: 2.88 | V38: 0.62 | W38: -2.3 | X38: 4.89 | Y38: -0.02 | Z38: https://www.tradingview.com/chart/ovTE0wz5/
A40: =D40&"|"&E40&"|"&F40&"|"&G40 -> |||
A41: =D41&"|"&E41&"|"&F41&"|"&G41 -> DT ID|COIN PAIR|STRATEGY|TIMEFRAME | B41: WATCHLIST | D41: DT ID | E41: COIN PAIR | F41: STRATEGY | G41: TIMEFRAME | L41: NP/DD | M41: Total Trades | N41: Start Date | O41: NOV | P41: OCT | Q41: SEP | R41: AUG | S41: JULY | T41: JUNE | U41: MAY | V41: APR | W41: MAR | X41: FEB | Y41: JAN
A42: =D42&"|"&E42&"|"&F42&"|"&G42 -> [8bdb5058]|BTC|BotifyX|1H | B42: toWatch | D42: [8bdb5058] | E42: BTC | F42: BotifyX | G42: 1H | L42: =18.01/4.38 -> 4.1118721 | M42: 268 | N42: 45682 | R42: -4.87 | S42: 0.75 | T42: -4.73 | U42: 4.05 | V42: 8.12 | W42: 2.34 | X42: 1.1 | Y42: 13
A43: =D43&"|"&E43&"|"&F43&"|"&G43 -> [a8f7e35a]|SOL|Trendhoo|30m | B43: paused | D43: [a8f7e35a] | E43: SOL | F43: Trendhoo | G43: 30m | L43: =67.95/8.21 -> 8.2764921 | M43: 284 | N43: =N46 -> 45682 | P43: -1.49 | Q43: -1.3 | R43: -0.16 | S43: -4 | T43: -0.34 | U43: 3.83 | V43: -1.09 | W43: 2.02 | X43: 8.79 | Y43: 9.61 | Z43: https://www.tradingview.com/chart/ZATMqHj7/
A44: =D44&"|"&E44&"|"&F44&"|"&G44 -> [946cefcd]|MNT|stiffZone|1H | B44: toWatch | D44: [946cefcd] | E44: MNT | F44: stiffZone | G44: 1H | L44: =34.31/4.66 -> 7.3626609 | M44: 60 | N44: 45772 | P44: 0 | Q44: 0 | R44: 0 | S44: -2 | T44: 6.37 | U44: 2.9 | V44: 0.09 | W44: -0.18 | X44: 0.93 | Y44: 1.02
A45: =D45&"|"&E45&"|"&F45&"|"&G45 -> |BTC|StiffTrend|30m | B45: paused | E45: BTC | F45: StiffTrend | G45: 30m | L45: 12.58 | M45: 107 | N45: 45682 | P45: -0.26 | Q45: 0 | R45: 0.2 | S45: -0.28 | T45: -0.21 | U45: -0.05 | V45: 0.44 | W45: 0.24 | X45: 0.26 | Y45: 0.63
A46: =D46&"|"&E46&"|"&F46&"|"&G46 -> [356a380a]|SOL|PrecisionTrend|30m | B46: Paused | D46: [356a380a] | E46: SOL | F46: PrecisionTrend | G46: 30m | L46: =75.75/6.62 -> 11.442598 | M46: 250 | N46: 45682 | P46: -2.39 | Q46: 0.64 | R46: -3.65 | S46: -2.66 | T46: -0.65 | U46: 1.33 | V46: 2.79 | W46: -0.03 | X46: 8.06 | Y46: 8.39 | Z46: https://www.tradingview.com/chart/vmVdEFrf/
A47: =D47&"|"&E47&"|"&F47&"|"&G47 -> |KAS|topBottom|1H | B47: toWatch | E47: KAS | F47: topBottom | G47: 1H | L47: =94.55/7.27 -> 13.005502 | M47: 189 | N47: 45863 | P47: -1.01 | Q47: -0.43 | R47: -6.04 | S47: 3.63 | T47: 0.48 | U47: 1.22 | V47: 3.89 | W47: 0.61 | X47: 2.09 | Y47: 4.05
A48: =D48&"|"&E48&"|"&F48&"|"&G48 -> [da58bf67]|NEAR|stiffSurge|1H | B48: toWatch | D48: [da58bf67] | E48: NEAR | F48: stiffSurge | G48: 1H | L48: =19.34/17.59 -> 1.0994883 | M48: 354 | N48: 45863 | P48: -2.86 | Q48: 3.55 | R48: 0.61 | S48: -0.95 | T48: 3.1 | U48: 4..47 | V48: -0.28 | W48: 2.6 | X48: 0.58 | Y48: 0.58 | Z48: https://www.tradingview.com/chart/93mHmuGN/
A49: =D49&"|"&E49&"|"&F49&"|"&G49 -> 28.01.2025|MANTA|FMVA|1H | B49: toWatch | D49: 28.01.2025 | E49: MANTA | F49: FMVA | G49: 1H | L49: =10.24/4.45 -> 2.3011236 | M49: 42 | N49: 45802 | P49: -2.54 | Q49: 1.88 | R49: -0.17 | S49: 2.9 | T49: 0.41 | U49: -0.89 | V49: -0.19 | W49: 0 | X49: 0 | Y49: 1.4
A50: =D50&"|"&E50&"|"&F50&"|"&G50 -> 01.04.2025|CHR|BotifyX|40m | B50: toWatch | D50: 01.04.2025 | E50: CHR | F50: BotifyX | G50: 40m | L50: =41.45/6.33 -> 6.5481833 | M50: 177 | N50: 45772 | P50: -6.45 | Q50: -3.27 | R50: 0.05 | S50: 6.02 | T50: 1.65 | U50: 0.65 | V50: -9.91 | W50: 1.36 | X50: 1.2 | Y50: 3.24
A51: =D51&"|"&E51&"|"&F51&"|"&G51 -> [56739c94]|SOL|MACD|1H | B51: toWatch | D51: [56739c94] | E51: SOL | F51: MACD | G51: 1H | L51: =50.94/5.93 -> 8.5902192 | M51: 151 | N51: 45863 | P51: -1.07 | Q51: 1.34 | R51: -2.46 | S51: 1.2 | T51: 0.62 | U51: 4.69 | V51: 1.46 | W51: 0.71 | X51: 0.12 | Y51: 0.19 | Z51: https://www.tradingview.com/chart/ng0akTZy/
A52: =D52&"|"&E52&"|"&F52&"|"&G52 -> 13.05.2025|SOL|precisionTrend|30m | B52: toWatch | D52: 13.05.2025 | E52: SOL | F52: precisionTrend | G52: 30m | L52: =148/4.1 -> 36.097561 | M52: 136 | N52: 45894 | P52: 1.52 | Q52: 4.16 | R52: 0.78 | S52: 3.9 | T52: -0.22 | U52: 3.65 | V52: 2.96 | W52: 2.17 | X52: 2.21 | Y52: 0.67 | Z52: https://www.tradingview.com/chart/9HGhrAiL/
A53: =D53&"|"&E53&"|"&F53&"|"&G53 -> |AVAX|Trendhoo|59m | B53: paused | E53: AVAX | F53: Trendhoo | G53: 59m | L53: =109.59/10.05 -> 10.904478 | M53: 383 | N53: 45863 | P53: -5.69 | Q53: 1.23 | R53: -7.07 | S53: 6.69 | T53: 4.53 | U53: 4.58 | V53: 0.74 | W53: 4.08 | X53: 6.1 | Y53: 0.17
A54: =D54&"|"&E54&"|"&F54&"|"&G54 -> |AVAX|stiffSurge|1H | B54: toWatch | E54: AVAX | F54: stiffSurge | G54: 1H | L54: =99.89/5.55 -> 17.998198 | M54: 602 | N54: 45925 | P54: -2.23 | Q54: 2.32 | R54: 2.78 | S54: 4.11 | T54: 4 | U54: 3.51 | V54: -2.92 | W54: 4.07 | X54: 2.34 | Y54: 1.39
A55: =D55&"|"&E55&"|"&F55&"|"&G55 -> [beb9123b]|LDO|XMA|30m | B55: toWatch | D55: [beb9123b] | E55: LDO | F55: XMA | G55: 30m | L55: =95.56/18.38 -> 5.1991295 | M55: 237 | N55: =N54 -> 45925 | P55: -1.4 | Q55: -3.23 | R55: 6.33 | S55: 2.09 | T55: 6.23 | U55: 8.19 | V55: 6.83 | W55: 2.99 | X55: 3.9 | Y55: 7.39
A56: =D56&"|"&E56&"|"&F56&"|"&G56 -> [f814d954]|ARB|JpTrendForce|1H | B56: toWatch | D56: [f814d954] | E56: ARB | F56: JpTrendForce | G56: 1H | L56: =182.28/13.94 -> 13.07604 | M56: 265 | N56: 45925 | P56: -3.07 | Q56: 0.01 | R56: 7.48 | S56: 4.62 | T56: 4.06 | U56: 7.01 | V56: 8.83 | W56: 6.15 | X56: 6.34 | Y56: 6.95
A57: =D57&"|"&E57&"|"&F57&"|"&G57 -> [7bd42610]|XLM|SuperFDead|1H | B57: toWatch | D57: [7bd42610] | E57: XLM | F57: SuperFDead | G57: 1H | L57: =41.03/4.14 -> 9.910628 | M57: 161 | N57: 45772 | P57: -0.47 | Q57: -2.55 | R57: 2.15 | S57: 5.19 | T57: -0.58 | U57: 0.21 | V57: 3.7 | W57: 1.53 | X57: -1.47 | Y57: -0.68
A58: =D58&"|"&E58&"|"&F58&"|"&G58 -> 22.04.2025|ARB|DeadZone|1H | B58: toWatch | D58: 22.04.2025 | E58: ARB | F58: DeadZone | G58: 1H | L58: =58.65/5.34 -> 10.983146 | M58: 198 | N58: 45863 | P58: 0.58 | Q58: -0.17 | R58: 2.82 | S58: 3.83 | T58: 0.05 | U58: 4.34 | V58: 0.51 | W58: 3.33 | X58: 6.57 | Y58: 1.56
A59: =D59&"|"&E59&"|"&F59&"|"&G59 -> [da58bf67]|NEAR|Trendhoo|30m | B59: toWatch | D59: [da58bf67] | E59: NEAR | F59: Trendhoo | G59: 30m | L59: =44.54/7.45 -> 5.9785235 | M59: 188 | N59: 45802 | P59: 0.27 | Q59: 0 | R59: 4.76 | S59: 1.93 | T59: 1.34 | U59: 2.3 | V59: 0.08 | W59: 1.26 | X59: 1.01 | Y59: 5.82 | Z59: https://www.tradingview.com/chart/CsNPJ40O/
A60: =D60&"|"&E60&"|"&F60&"|"&G60 -> [ccaef8fd]|PEPE|StiffSurge|45m | B60: toWatch | D60: [ccaef8fd] | E60: PEPE | F60: StiffSurge | G60: 45m | L60: =56.43/16.58 -> 3.4034982 | M60: 469 | N60: 45863 | P60: -0.65 | Q60: 1.2 | R60: 2.79 | S60: 2.87 | T60: 3.89 | U60: 3.84 | V60: 0.71 | W60: 2.26 | X60: 2.06 | Y60: 4.67
A61: =D61&"|"&E61&"|"&F61&"|"&G61 -> |GRT|stiffSurge|45m | B61: Paused | E61: GRT | F61: stiffSurge | G61: 45m | L61: =35.88/9.87 -> 3.6352584 | M61: 790 | N61: 45863 | P61: -2.3 | Q61: -5.51 | R61: -2.19 | S61: 6.32 | T61: 4.93 | U61: 2.69 | V61: -1.3 | W61: 0.36 | X61: 4.89 | Y61: 7.17
A62: =D62&"|"&E62&"|"&F62&"|"&G62 -> [6a1f9b4d]|RSR|stiffSurge|45m | B62: toWatch | D62: [6a1f9b4d] | E62: RSR | F62: stiffSurge | G62: 45m | L62: =57.95/7.67 -> 7.5554107 | M62: 530 | N62: 45925 | P62: -1.8 | Q62: 0.84 | R62: 1.17 | S62: 4.07 | T62: -0.03 | U62: 6.82 | V62: -0.51 | W62: 1.01 | X62: 4.27 | Y62: -0.81
A63: =D63&"|"&E63&"|"&F63&"|"&G63 -> 18.02.2025|VET|FMVA|1H | B63: toWatch | D63: 18.02.2025 | E63: VET | F63: FMVA | G63: 1H | L63: =17.55/5.72 -> 3.0681818 | M63: 81 | N63: 45772 | P63: -1.63 | Q63: -0.97 | R63: 1.25 | S63: 1.44 | T63: 1.4 | U63: 4.12 | V63: -0.54 | W63: 0.62 | X63: -1.49 | Y63: -3.15
A64: =D64&"|"&E64&"|"&F64&"|"&G64 -> [14c16208]|NEAR|stiffSurge|90m | B64: toWatch | D64: [14c16208] | E64: NEAR | F64: stiffSurge | G64: 90m | L64: =5.91/4.29 -> 1.3776224 | M64: 105 | N64: 45682 | P64: -1.46 | Q64: 3.12 | R64: -0.13 | S64: 0.34 | T64: -1.74 | U64: 0.24 | V64: 0.75 | W64: 1.67 | X64: 0 | Y64: 1.11 | Z64: https://www.tradingview.com/chart/NhxlUtzn/
B65: toWatch | E65: ETH | F65: HeikenAshi | G65: 30m | N65: 45682 | P65: 4.67 | Q65: -1.19 | R65: 3.78 | S65: -0.48 | T65: -0.41 | U65: 2.26 | V65: 0.11 | W65: -0.03 | X65: -3.73 | Y65: 3.34 | Z65: https://www.tradingview.com/chart/dIwxPof0/
B66: toWatch | D66: 22.04.2025 | E66: XLM | F66: T3Nexus | G66: 1H | L66: =-14.5/4.82 -> -3.0082988 | M66: 237 | N66: 45833 | P66: -2.21 | Q66: 0.41 | R66: 0.7 | S66: 3.66 | T66: -0.92 | U66: 0.64 | V66: -2.24 | W66: 1.58 | X66: 0.74 | Y66: 0.59 | Z66: https://www.tradingview.com/chart/gi8LCskw/
B67: toWatch | D67: [f9ce90ca] | E67: SOL | F67: Hacolt | G67: 30m | L67: =124.73/5.3 -> 23.533962 | M67: 115 | N67: 45682 | P67: 3.61 | Q67: 2.32 | R67: 0.33 | S67: 0.3 | T67: 0.31 | U67: -0.02 | V67: 1.42 | W67: 1.8 | X67: 2.78 | Y67: -1.44 | Z67: https://www.tradingview.com/chart/2AUW8k25/
B68: toWatch | D68: 04.03.2025 | E68: SOL | F68: StiffSurge | G68: 55m | L68: =113.16/7.28 -> 15.543956 | M68: 150 | N68: 45772 | P68: 3 | Q68: 2.37 | R68: -0.66 | S68: 2.21 | T68: -3.31 | U68: 4.47 | V68: 0.12 | W68: 0.7 | X68: 0.17 | Y68: 5.1 | Z68: https://www.tradingview.com/chart/Yf0e8AQY/
B69: toWatch | D69: 04.03.2025 | E69: SOL | F69: StiffSurge | G69: 45m | L69: =45.85/5.85 -> 7.8376068 | M69: 123 | N69: 45772 | P69: -0.01 | Q69: 2.41 | R69: 0.8 | S69: 0.13 | T69: 1.26 | U69: 4.47 | V69: -0.05 | W69: -1.35 | X69: 1.37 | Y69: 4.73 | Z69: https://www.tradingview.com/chart/nM5aAdbF/
B70: toWatch | D70: [ff2cc3b8] | E70: ETH | F70: McGingley | G70: 30m | L70: =20.99/4.18 -> 5.0215311 | M70: 257 | N70: 45682 | P70: 2.78 | Q70: 0.4 | R70: 1.79 | S70: 1.17 | T70: 1.55 | U70: 2.1 | V70: 1.15 | W70: 1.54 | X70: 0.27 | Y70: -0.02 | Z70: https://www.tradingview.com/chart/sLLqQaVx/
B71: toWatch | D71: 08.04.2025 | E71: ETH | F71: HLCV6 | G71: 1H | L71: =46.17/3 -> 15.39 | M71: 139 | N71: 45802 | P71: 2.06 | Q71: 0.63 | R71: 1.47 | S71: 2.74 | T71: 0.89 | U71: 3.28 | V71: 2.63 | W71: 2.22 | X71: 3.37 | Y71: -0.78 | Z71: https://www.tradingview.com/chart/OzqPeVXC/
B72: toWatch | D72: [1fec6b4a] | E72: ETH | F72: Hacolt | G72: 30m | L72: =43.52/4.47 -> 9.7360179 | M72: 368 | N72: 45682 | P72: 3.51 | Q72: -0.15 | R72: 4.48 | S72: 1.2 | T72: -0.86 | U72: 2.62 | V72: 1.59 | W72: -1.03 | X72: -0.76 | Y72: 1.71 | Z72: https://www.tradingview.com/chart/HbR0OQPO/
A73: =D73&"|"&E73&"|"&F73&"|"&G73 -> |GALA|McGingley|45m | B73: paused | C73: 0.15 | E73: GALA | F73: McGingley | G73: 45m | L73: =20.04/6.89 -> 2.9085631 | M73: 356 | N73: =N74 -> 45863 | P73: -3.27 | Q73: -2.76 | R73: -2.58 | S73: 3.06 | T73: 0.27 | U73: 0.79 | V73: -2.57 | W73: 0.31 | X73: 2 | Y73: 2.73 | Z73: https://www.tradingview.com/chart/177cG60E/
A74: =D74&"|"&E74&"|"&F74&"|"&G74 -> [84fec9a8]|GALA|Michonne|1H | B74: paused | C74: 0.15 | D74: [84fec9a8] | E74: GALA | F74: Michonne | G74: 1H | L74: =14.8/4.57 -> 3.238512 | M74: 284 | N74: 45863 | P74: -3.23 | Q74: -2.31 | R74: 0 | S74: 1.74 | T74: 1.12 | U74: 2.53 | V74: -0.05 | W74: 1.47 | X74: -0.26 | Y74: 0.76 | Z74: https://www.tradingview.com/chart/JaGkQQA4/
B75: toWatch | D75: 25.03.2025 | E75: SOL | F75: McGinley | G75: 45m | L75: =201/18 -> 11.166667 | M75: 289 | N75: 45802 | O75: 9.14 | P75: 6.54 | Q75: 7.72 | R75: -0.94 | S75: 10.68 | T75: 5.55 | U75: 10.65 | V75: 3.22 | W75: 3.36 | X75: 10.52 | Y75: 29.15 | Z75: https://www.tradingview.com/chart/doHBT7TM/
B76: toWatch | D76: [69d86082] | E76: AVAX | F76: precisionTrend | G76: 1H | L76: =55.4/5.7 -> 9.7192982 | M76: 403 | N76: 45682 | O76: 1.08 | P76: 1.29 | Q76: 2.05 | R76: 0.33 | S76: 1.91 | T76: 1.84 | U76: 1.2 | V76: 0.47 | W76: 1.21 | X76: 0.5 | Y76: 0.97 | Z76: https://www.tradingview.com/chart/QHfx1ted/
B77: toWatch | D77: [f18c01a1] | E77: ETH | F77: Trendhoo | G77: 30m | L77: =37/3.24 -> 11.419753 | M77: 167 | N77: 45741 | O77: 1.44 | P77: 2.68 | Q77: 1.48 | R77: -1.65 | S77: 2.68 | T77: 1.29 | U77: 4.15 | V77: 2.4 | W77: -2.67 | X77: 1.02 | Y77: 0.74 | Z77: https://www.tradingview.com/chart/8YLqhFBu/
B78: toWatch | D78: 04.02.2025 | E78: SOL | F78: Trendhoo | G78: 4H | L78: =40.43/7.07 -> 5.718529 | M78: 99 | N78: 45802 | O78: 2.15 | P78: -1.23 | Q78: 1.23 | R78: -0.69 | S78: 2.24 | T78: -1.4 | U78: 1.71 | V78: -0.07 | W78: -1.95 | X78: 4.3 | Y78: -0.32 | Z78: https://www.tradingview.com/chart/90qmMAaJ/
